first_name,last_name,id,market_value,market_value_trend,team_id,date
Manuel,Neuer,237,24607015.0,2,2,2022-07-26 14:37:40.825338
Eric Maxim,Choupo-Moting,336,3951200.0,2,2,2022-07-26 14:37:40.825338
Sven,Ulreich,383,764812.0,2,2,2022-07-26 14:37:40.825338
Thomas,Müller,450,51758604.0,1,2,2022-07-26 14:37:40.825338
Leon,Goretzka,660,37364505.0,2,2,2022-07-26 14:37:40.825338
Leroy,Sané,1222,41914148.0,2,2,2022-07-26 14:37:40.825338
Joshua,Kimmich,1685,53645954.0,1,2,2022-07-26 14:37:40.825338
Kingsley,Coman,1774,29300490.0,1,2,2022-07-26 14:37:40.825338
Marcel,Sabitzer,1856,7510550.0,1,2,2022-07-26 14:37:40.825338
Serge,Gnabry,1961,45593131.0,1,2,2022-07-26 14:37:40.825338
Dayotchanculle,Upamecano,1991,33554276.0,2,2,2022-07-26 14:37:40.825338
Benjamin,Pavard,2054,27229116.0,2,2,2022-07-26 14:37:40.825338
Adrian,Fein,2099,1139002.0,2,2,2022-07-26 14:37:40.825338
Chris,Richards,2298,3721507.0,2,2,2022-07-26 14:37:40.825338
Josip,Stanisic,2300,3602931.0,2,2,2022-07-26 14:37:40.825338
Joshua,Zirkzee,2306,6628269.0,1,2,2022-07-26 14:37:40.825338
Alphonso,Davies,2366,37743387.0,1,2,2022-07-26 14:37:40.825338
Lucas,Hernández,2647,30021441.0,1,2,2022-07-26 14:37:40.825338
Jamal,Musiala,2804,31351432.0,2,2,2022-07-26 14:37:40.825338
Tanguy,Nianzou,2823,4416920.0,2,2,2022-07-26 14:37:40.825338
Bouna,Sarr,2915,500000.0,0,2,2022-07-26 14:37:40.825338
Lucas,Copado,3062,500000.0,0,2,2022-07-26 14:37:40.825338
Gabriel,Vidović,3081,861177.0,1,2,2022-07-26 14:37:40.825338
Paul,Wanner,3175,544873.0,2,2,2022-07-26 14:37:40.825338
Noussair,Mazraoui,3477,23099820.0,1,2,2022-07-26 14:37:40.825338
Sadio,Mané,3478,53308220.0,1,2,2022-07-26 14:37:40.825338
Ryan,Gravenberch,3501,21897315.0,1,2,2022-07-26 14:37:40.825338
Johannes,Schenk,4284,500000.0,0,2,2022-07-26 14:37:40.825338
Matthijs,de Ligt,4286,43276922.0,1,2,2022-07-26 14:37:40.825338
Emre,Can,54,13385151.0,2,3,2022-07-26 14:37:40.825338
Niklas,Süle,163,32724034.0,1,3,2022-07-26 14:37:40.825338
Mats,Hummels,304,15285349.0,1,3,2022-07-26 14:37:40.825338
Marco,Reus,399,44397125.0,1,3,2022-07-26 14:37:40.825338
Nico,Schulz,726,2418764.0,2,3,2022-07-26 14:37:40.825338
Mahmoud,Dahoud,736,16387012.0,1,3,2022-07-26 14:37:40.825338
Julian,Brandt,1192,26670395.0,2,3,2022-07-26 14:37:40.825338
Thorgan,Hazard,1583,10988050.0,1,3,2022-07-26 14:37:40.825338
Felix,Passlack,1785,1132434.0,2,3,2022-07-26 14:37:40.825338
Marius,Wolf,1809,4638809.0,2,3,2022-07-26 14:37:40.825338
Raphael Adelino,Jose Guerreiro,1862,31771646.0,1,3,2022-07-26 14:37:40.825338
Gregor,Kobel,1873,16384405.0,1,3,2022-07-26 14:37:40.825338
Salih,Ozcan,1918,17403744.0,1,3,2022-07-26 14:37:40.825338
Sébastien,Haller,2037,35264363.0,2,3,2022-07-26 14:37:40.825338
Manuel,Akanji,2181,16447359.0,2,3,2022-07-26 14:37:40.825338
Luca,Unbehaun,2325,500000.0,0,3,2022-07-26 14:37:40.825338
Nico,Schlotterbeck,2383,39368899.0,1,3,2022-07-26 14:37:40.825338
Mateu,Morey,2665,6019442.0,1,3,2022-07-26 14:37:40.825338
Giovanni,Reyna,2692,13724596.0,1,3,2022-07-26 14:37:40.825338
Thomas,Meunier,2835,12982853.0,1,3,2022-07-26 14:37:40.825338
Jude,Bellingham,2845,45035741.0,1,3,2022-07-26 14:37:40.825338
Youssoufa,Moukoko,2866,8633498.0,1,3,2022-07-26 14:37:40.825338
Marcel Laurenz,Lotka,2979,507081.0,2,3,2022-07-26 14:37:40.825338
Soumaila,Coulibaly,3010,500000.0,0,3,2022-07-26 14:37:40.825338
Antonios,Papadopoulos,3050,500000.0,0,3,2022-07-26 14:37:40.825338
Abdoulaye,Kamara,3068,500000.0,0,3,2022-07-26 14:37:40.825338
Donyell,Malen,3087,18160919.0,1,3,2022-07-26 14:37:40.825338
Tom,Rothe,3102,3515802.0,2,3,2022-07-26 14:37:40.825338
Jamie Jermaine,Bynoe-Gittens,3219,5294966.0,2,3,2022-07-26 14:37:40.825338
Lion,Semić,3222,2997595.0,1,3,2022-07-26 14:37:40.825338
Karim,Adeyemi,3482,32095368.0,1,3,2022-07-26 14:37:40.825338
Makoto,Hasebe,285,2121412.0,2,4,2022-07-26 14:37:40.825338
Jens,Grahl,357,500000.0,0,4,2022-07-26 14:37:40.825338
Sebastian,Rode,392,4699477.0,2,4,2022-07-26 14:37:40.825338
Kevin,Trapp,429,16112212.0,2,4,2022-07-26 14:37:40.825338
Timothy,Chandler,461,500000.0,2,4,2022-07-26 14:37:40.825338
Mario,Götze,513,18896007.0,1,4,2022-07-26 14:37:40.825338
Filip,Kostic,1620,32142690.0,1,4,2022-07-26 14:37:40.825338
Djibril,Sow,1738,14213232.0,1,4,2022-07-26 14:37:40.825338
Christopher,Lenz,1739,2477887.0,2,4,2022-07-26 14:37:40.825338
Jerôme Junior,Onguéné,2048,6244528.0,2,4,2022-07-26 14:37:40.825338
Daichi,Kamada,2059,12705275.0,1,4,2022-07-26 14:37:40.825338
Lucas,Alario,2157,13430228.0,1,4,2022-07-26 14:37:40.825338
Obite,Ndicka,2282,26403915.0,2,4,2022-07-26 14:37:40.825338
Gonçalo,Mendes Paciência,2287,1766895.0,2,4,2022-07-26 14:37:40.825338
Almamy,Touré,2376,2565582.0,1,4,2022-07-26 14:37:40.825338
Lucas,Silva Melo,2378,14801084.0,1,4,2022-07-26 14:37:40.825338
Diant,Ramaj,2597,500000.0,0,4,2022-07-26 14:37:40.825338
Ansgar,Knauff,2863,15868407.0,1,4,2022-07-26 14:37:40.825338
Ajdin,Hrustic,2908,2837134.0,2,4,2022-07-26 14:37:40.825338
Ali,Akman,3009,3744509.0,1,4,2022-07-26 14:37:40.825338
Santos,Borré,3030,16227613.0,1,4,2022-07-26 14:37:40.825338
Jesper,Lindstrøm,3044,14820984.0,1,4,2022-07-26 14:37:40.825338
Marcel,Wenig,3084,3204082.0,1,4,2022-07-26 14:37:40.825338
Jens Petter,Hauge,3125,3128532.0,2,4,2022-07-26 14:37:40.825338
Kristijan,Jakić,3143,4333085.0,2,4,2022-07-26 14:37:40.825338
Faride,Alidou,3282,983088.0,2,4,2022-07-26 14:37:40.825338
Hrvoje,Smolčić,3457,4783048.0,2,4,2022-07-26 14:37:40.825338
Aurélio Gabriel,Ulineia Buta,3479,2878007.0,2,4,2022-07-26 14:37:40.825338
Randal,Kolo Muani,3480,13507431.0,1,4,2022-07-26 14:37:40.825338
Benjamin,Uphoff,36,500000.0,2,5,2022-07-26 14:37:40.825338
Matthias,Ginter,49,24349554.0,2,5,2022-07-26 14:37:40.825338
Mark,Flekken,72,19957866.0,1,5,2022-07-26 14:37:40.825338
Christian,Günter,89,26479678.0,1,5,2022-07-26 14:37:40.825338
Vincenzo,Grifo,118,36988828.0,1,5,2022-07-26 14:37:40.825338
Nils,Petersen,317,4339703.0,2,5,2022-07-26 14:37:40.825338
Michael,Gregoritsch,493,10266283.0,1,5,2022-07-26 14:37:40.825338
Nicolas,Höfler,581,24609683.0,1,5,2022-07-26 14:37:40.825338
Jonathan,Schmid,605,4341061.0,2,5,2022-07-26 14:37:40.825338
Manuel,Gulde,1138,3470448.0,2,5,2022-07-26 14:37:40.825338
Lukas,Kübler,1257,9612576.0,2,5,2022-07-26 14:37:40.825338
Maximilian,Eggestein,1645,12739001.0,1,5,2022-07-26 14:37:40.825338
Philipp,Lienhart,2084,26891750.0,2,5,2022-07-26 14:37:40.825338
Lucas,Höler,2176,18941746.0,2,5,2022-07-26 14:37:40.825338
Keven,Schlotterbeck,2274,3188548.0,2,5,2022-07-26 14:37:40.825338
Woo-Yeong,Jeong,2302,7912511.0,1,5,2022-07-26 14:37:40.825338
Roland,Sallai,2343,10648506.0,2,5,2022-07-26 14:37:40.825338
Yannik,Keitel,2764,745188.0,2,5,2022-07-26 14:37:40.825338
Ritsu,Dōan,2887,11936629.0,1,5,2022-07-26 14:37:40.825338
Kevin,Schade,2930,4957144.0,2,5,2022-07-26 14:37:40.825338
Nishan,Connell Burkart,2945,500000.0,0,5,2022-07-26 14:37:40.825338
Kiliann,Sildillia,2946,530547.0,1,5,2022-07-26 14:37:40.825338
Noah,Weißhaupt,3017,500000.0,0,5,2022-07-26 14:37:40.825338
Noah,Atubolu,3019,500000.0,0,5,2022-07-26 14:37:40.825338
Hugo,Siquet,3172,528120.0,1,5,2022-07-26 14:37:40.825338
Robert,Wagner,3206,2563846.0,1,5,2022-07-26 14:37:40.825338
Daniel-Kofi,Kyereh,3306,10499007.0,1,5,2022-07-26 14:37:40.825338
Jonas,Meffert,133,16080057.0,1,6,2022-07-26 14:37:40.825338
Tom,Mickel,416,574138.0,2,6,2022-07-26 14:37:40.825338
Sonny,Kittel,580,20071471.0,1,6,2022-07-26 14:37:40.825338
Tim,Leibold,1188,11542627.0,2,6,2022-07-26 14:37:40.825338
Sebastian,Schonlau,1295,17524574.0,1,6,2022-07-26 14:37:40.825338
Daniel,Heuer Fernandes,1863,14045987.0,1,6,2022-07-26 14:37:40.825338
László,Bénes,1877,12829086.0,1,6,2022-07-26 14:37:40.825338
Bakery,Jatta,1889,11169726.0,2,6,2022-07-26 14:37:40.825338
Stephan,Ambrosius,2192,3050122.0,2,6,2022-07-26 14:37:40.825338
Robert,Glatzel,2444,18633688.0,1,6,2022-07-26 14:37:40.825338
Jonas,David,2571,4661394.0,2,6,2022-07-26 14:37:40.825338
Aaron,Opoku,2579,3166017.0,2,6,2022-07-26 14:37:40.825338
Miro Max Maria,Muheim,3277,12562696.0,1,6,2022-07-26 14:37:40.825338
Moritz,Heyer,3278,17128608.0,1,6,2022-07-26 14:37:40.825338
Mario,Vušković,3279,15788018.0,1,6,2022-07-26 14:37:40.825338
Marko,Johansson,3280,502231.0,2,6,2022-07-26 14:37:40.825338
Ludovit,Reis,3281,14888513.0,1,6,2022-07-26 14:37:40.825338
Maximilian,Rohr,3284,3460596.0,1,6,2022-07-26 14:37:40.825338
Anssi Tapio,Suhonen,3285,2262675.0,2,6,2022-07-26 14:37:40.825338
Ransford-Yeboah,Königsdörffer,3318,10354767.0,1,6,2022-07-26 14:37:40.825338
Filip,Bilbija,3358,5056497.0,2,6,2022-07-26 14:37:40.825338
Matheo,Raab,3419,2306381.0,2,6,2022-07-26 14:37:40.825338
Robin Maximilian,Meißner,3440,1279395.0,2,6,2022-07-26 14:37:40.825338
Ogechika,Heil,3464,1652874.0,2,6,2022-07-26 14:37:40.825338
Xavier Casmier,Amaechi,3465,5092656.0,1,6,2022-07-26 14:37:40.825338
Kerem,Demirbay,81,21598420.0,1,7,2022-07-26 14:37:40.825338
Niklas,Lomb,97,500000.0,0,7,2022-07-26 14:37:40.825338
Jonathan,Tah,173,27607523.0,2,7,2022-07-26 14:37:40.825338
Karim,Bellarabi,486,5455110.0,2,7,2022-07-26 14:37:40.825338
Robert,Andrich,663,23427364.0,1,7,2022-07-26 14:37:40.825338
Nadiem,Amiri,1639,3472947.0,2,7,2022-07-26 14:37:40.825338
Lukas,Hradecky,1761,20146633.0,2,7,2022-07-26 14:37:40.825338
Charles,Aránguiz,1766,8576858.0,2,7,2022-07-26 14:37:40.825338
Paulo Henrique,Sampaio Filho,2291,12679497.0,2,7,2022-07-26 14:37:40.825338
Daley,Sinkgraven,2645,568678.0,1,7,2022-07-26 14:37:40.825338
Moussa,Diaby,2661,44892993.0,1,7,2022-07-26 14:37:40.825338
Patrik,Schick,2746,40048782.0,1,7,2022-07-26 14:37:40.825338
Exequiel,Palacios,2766,4848669.0,2,7,2022-07-26 14:37:40.825338
Edmond,Tapsoba,2783,21098571.0,2,7,2022-07-26 14:37:40.825338
Florian,Wirtz,2795,25307309.0,1,7,2022-07-26 14:37:40.825338
Timothy Evans,Fosu-Mensah,2944,1448789.0,2,7,2022-07-26 14:37:40.825338
Jeremie,Frimpong,2948,15673987.0,1,7,2022-07-26 14:37:40.825338
Andrey,Lunev,3042,500000.0,0,7,2022-07-26 14:37:40.825338
Batuhan Zidan,Sertdemir,3045,500000.0,0,7,2022-07-26 14:37:40.825338
Mitchel,Bakker,3046,12700466.0,2,7,2022-07-26 14:37:40.825338
Odilon,Kossounou,3079,7395019.0,2,7,2022-07-26 14:37:40.825338
Piero,Hincapié,3128,10950912.0,1,7,2022-07-26 14:37:40.825338
Amine,Adli,3132,3644827.0,2,7,2022-07-26 14:37:40.825338
Iker,Bravo Solanilla,3156,500000.0,0,7,2022-07-26 14:37:40.825338
Sardar,Azmoun,3194,8134691.0,1,7,2022-07-26 14:37:40.825338
Adam,Hlozek,3471,17333231.0,1,7,2022-07-26 14:37:40.825338
Ralf,Fährmann,262,1853452.0,2,8,2022-07-26 14:37:40.825338
Sebastian,Polter,496,7742889.0,2,8,2022-07-26 14:37:40.825338
Dominick,Drexler,554,5577824.0,1,8,2022-07-26 14:37:40.825338
Alexander,Schwolow,620,10147188.0,1,8,2022-07-26 14:37:40.825338
Danny,Latza,1070,7020288.0,1,8,2022-07-26 14:37:40.825338
Simon,Terodde,1407,13483129.0,1,8,2022-07-26 14:37:40.825338
Marcin,Kaminski,2076,4313861.0,2,8,2022-07-26 14:37:40.825338
Amine,Harit,2109,4730562.0,2,8,2022-07-26 14:37:40.825338
Michael,Langer,2134,500000.0,0,8,2022-07-26 14:37:40.825338
Tom,Krauß,2358,8673713.0,1,8,2022-07-26 14:37:40.825338
Cédric,Brunner,2429,8808089.0,1,8,2022-07-26 14:37:40.825338
Marius,Bülter,2552,9516935.0,1,8,2022-07-26 14:37:40.825338
Tobias,Mohr,2566,2926434.0,1,8,2022-07-26 14:37:40.825338
Victor,Pálsson,2608,2710902.0,2,8,2022-07-26 14:37:40.825338
Rodrigo,Zalazar,2680,12181176.0,1,8,2022-07-26 14:37:40.825338
Malick,Thiaw,2789,10416740.0,1,8,2022-07-26 14:37:40.825338
Can,Bozdogan,2802,1590087.0,2,8,2022-07-26 14:37:40.825338
Kerim,Çalhanoğlu,2932,500000.0,2,8,2022-07-26 14:37:40.825338
Florian,Flick,2957,2256425.0,2,8,2022-07-26 14:37:40.825338
Mehmet-Can,Aydin,2959,2440181.0,2,8,2022-07-26 14:37:40.825338
Blendi,Idrizi,2972,630678.0,2,8,2022-07-26 14:37:40.825338
Henning,Matriciani,2974,2752943.0,1,8,2022-07-26 14:37:40.825338
Thomas,Ouwejan,3012,10966303.0,1,8,2022-07-26 14:37:40.825338
Marvin,Pieringer,3027,3049082.0,1,8,2022-07-26 14:37:40.825338
Marius,Lode,3182,3117164.0,1,8,2022-07-26 14:37:40.825338
Dong-Gyeong,Lee,3200,4814635.0,1,8,2022-07-26 14:37:40.825338
Florent,Mollet,3371,7155200.0,1,8,2022-07-26 14:37:40.825338
Ibrahima,Cissé,3509,3161509.0,1,8,2022-07-26 14:37:40.825338
Leo,Greiml,3510,2361302.0,2,8,2022-07-26 14:37:40.825338
Justin,Heekeren,3511,1936126.0,1,8,2022-07-26 14:37:40.825338
Maya,Yoshida,3535,8455147.0,1,8,2022-07-26 14:37:40.825338
Alex,Král,4253,9376791.0,1,8,2022-07-26 14:37:40.825338
Philipp,Klement,6,2467257.0,1,9,2022-07-26 14:37:40.825338
Waldemar,Anton,1704,12922181.0,1,9,2022-07-26 14:37:40.825338
Pascal,Stenzel,1758,1087670.0,2,9,2022-07-26 14:37:40.825338
Florian,Müller,1910,10267195.0,1,9,2022-07-26 14:37:40.825338
Orel,Mangala,2049,6175270.0,2,9,2022-07-26 14:37:40.825338
Nikolas,Nartey,2120,500000.0,2,9,2022-07-26 14:37:40.825338
Maxime,Awoudja,2130,4089841.0,1,9,2022-07-26 14:37:40.825338
Chris,Führich,2172,11664094.0,1,9,2022-07-26 14:37:40.825338
Joshua,Vagnoman,2199,7926055.0,1,9,2022-07-26 14:37:40.825338
Atakan,Karazor,2214,1105668.0,1,9,2022-07-26 14:37:40.825338
Fabian,Bredlow,2237,521381.0,2,9,2022-07-26 14:37:40.825338
Borna,Sosa,2247,21908020.0,2,9,2022-07-26 14:37:40.825338
Antonis,Aidonis,2356,1594769.0,1,9,2022-07-26 14:37:40.825338
Darko,Churlinov,2740,5680866.0,1,9,2022-07-26 14:37:40.825338
Clinton,Mola,2817,500000.0,0,9,2022-07-26 14:37:40.825338
Mateo,Klimowicz,2818,500000.0,2,9,2022-07-26 14:37:40.825338
Sasa,Kalajdzic,2819,24930757.0,1,9,2022-07-26 14:37:40.825338
Silas,Katompa Mvumpa,2822,10083119.0,1,9,2022-07-26 14:37:40.825338
Tanguy,Coulibaly,2824,872476.0,2,9,2022-07-26 14:37:40.825338
Lilian,Egloff,2832,500000.0,0,9,2022-07-26 14:37:40.825338
Wataru,Endo,2837,17937374.0,1,9,2022-07-26 14:37:40.825338
Konstantinos,Mavropanos,2838,26259037.0,2,9,2022-07-26 14:37:40.825338
Naouirou,Ahamada,2912,644637.0,1,9,2022-07-26 14:37:40.825338
Ömer Faruk,Beyaz,3000,500000.0,0,9,2022-07-26 14:37:40.825338
Hiroki,Ito,3089,7949625.0,2,9,2022-07-26 14:37:40.825338
Florian,Schock,3105,500000.0,0,9,2022-07-26 14:37:40.825338
Enzo,Millot,3130,588790.0,2,9,2022-07-26 14:37:40.825338
Wahidullah,Faghir,3138,503421.0,1,9,2022-07-26 14:37:40.825338
Tiago Barreiros,de Melo Tomás,3193,9448959.0,1,9,2022-07-26 14:37:40.825338
Juan José,Perea,3555,5651754.0,1,9,2022-07-26 14:37:40.825338
Thomas,Kastanaras,3560,500000.0,0,9,2022-07-26 14:37:40.825338
Mitchell,Weiser,43,5696887.0,1,10,2022-07-26 14:37:40.825338
Marvin,Ducksch,82,16158474.0,1,10,2022-07-26 14:37:40.825338
Niklas,Stark,157,9432205.0,2,10,2022-07-26 14:37:40.825338
Niclas,Füllkrug,608,13811477.0,1,10,2022-07-26 14:37:40.825338
Leonardo,Bittencourt,624,9780944.0,1,10,2022-07-26 14:37:40.825338
Michael,Zetterer,1655,2048964.0,1,10,2022-07-26 14:37:40.825338
Nicolai,Rapp,1659,500000.0,0,10,2022-07-26 14:37:40.825338
Milos,Veljkovic,1823,7581984.0,1,10,2022-07-26 14:37:40.825338
Anthony,Jung,1858,3991047.0,2,10,2022-07-26 14:37:40.825338
Oliver,Burke,1955,7708937.0,1,10,2022-07-26 14:37:40.825338
Niklas,Schmidt,1966,1928427.0,2,10,2022-07-26 14:37:40.825338
Marco,Friedl,1996,11460546.0,1,10,2022-07-26 14:37:40.825338
Jiri,Pavlenka,2053,12285736.0,1,10,2022-07-26 14:37:40.825338
Amos,Pieper,2294,12157178.0,1,10,2022-07-26 14:37:40.825338
Jean Manuel,Mbom,2329,500000.0,0,10,2022-07-26 14:37:40.825338
Benjamin,Goller,2330,2468452.0,2,10,2022-07-26 14:37:40.825338
Romano,Schmid,2367,8190780.0,1,10,2022-07-26 14:37:40.825338
Ilia,Gruev,2678,2377143.0,2,10,2022-07-26 14:37:40.825338
Christian,Groß,2735,6278640.0,1,10,2022-07-26 14:37:40.825338
Nick,Woltemade,2758,1307688.0,1,10,2022-07-26 14:37:40.825338
Felix,Agu,2842,7085423.0,1,10,2022-07-26 14:37:40.825338
Eren Sami,Dinkçi,2939,2324567.0,2,10,2022-07-26 14:37:40.825338
Fabio,Cristian Chiarodia,3063,3287044.0,1,10,2022-07-26 14:37:40.825338
Abdenego,N'Lola Nankishi,3116,2552063.0,1,10,2022-07-26 14:37:40.825338
Dikeni-Rafid,Salifou,3163,500000.0,0,10,2022-07-26 14:37:40.825338
Jens,Stage,3481,7132578.0,1,10,2022-07-26 14:37:40.825338
Lee,Buchanan,3534,5054320.0,1,10,2022-07-26 14:37:40.825338
Maximilian,Arnold,44,29078516.0,1,11,2022-07-26 14:37:40.825338
Max,Kruse,369,31368515.0,1,11,2022-07-26 14:37:40.825338
Koen,Casteels,497,15314657.0,1,11,2022-07-26 14:37:40.825338
Luca,Waldschmidt,737,5132900.0,2,11,2022-07-26 14:37:40.825338
Maximilian,Philipp,1226,3254699.0,2,11,2022-07-26 14:37:40.825338
Yannick,Gerhardt,1298,3540046.0,2,11,2022-07-26 14:37:40.825338
Josuha,Guilavogui,1618,3366090.0,2,11,2022-07-26 14:37:40.825338
Niklas,Klinger,1829,500000.0,0,11,2022-07-26 14:37:40.825338
Josip,Brekalo,1885,6025632.0,2,11,2022-07-26 14:37:40.825338
Elvis,Rexhbecaj,2091,5126254.0,1,11,2022-07-26 14:37:40.825338
Bote,Baku,2141,20368200.0,1,11,2022-07-26 14:37:40.825338
Renato,Steffen,2179,2264282.0,2,11,2022-07-26 14:37:40.825338
Pavao,Pervan,2278,750949.0,2,11,2022-07-26 14:37:40.825338
Jérôme,Roussillon,2321,4339415.0,2,11,2022-07-26 14:37:40.825338
Paulo,Otávio,2447,5404623.0,1,11,2022-07-26 14:37:40.825338
Kevin,Mbabu,2639,4149544.0,2,11,2022-07-26 14:37:40.825338
Lukas,Nmecha,2724,16485253.0,1,11,2022-07-26 14:37:40.825338
Sebastiaan,Bornauw,2725,10169535.0,1,11,2022-07-26 14:37:40.825338
Marin,Pongracic,2771,770547.0,2,11,2022-07-26 14:37:40.825338
Omar,Marmoush,2792,9583459.0,1,11,2022-07-26 14:37:40.825338
Bartosz,Białek,2872,946637.0,1,11,2022-07-26 14:37:40.825338
Maxence,Lacroix,2878,16030103.0,2,11,2022-07-26 14:37:40.825338
Aster Jan,Vranckx,3004,3294378.0,2,11,2022-07-26 14:37:40.825338
Felix Kalu,Nmecha,3069,830176.0,1,11,2022-07-26 14:37:40.825338
Patrick,Wimmer,3124,12544580.0,1,11,2022-07-26 14:37:40.825338
Micky,van de Ven,3141,2519377.0,2,11,2022-07-26 14:37:40.825338
Kevin,Paredes,3191,500000.0,2,11,2022-07-26 14:37:40.825338
Jonas,Wind,3196,25116261.0,1,11,2022-07-26 14:37:40.825338
Kilian,Fischer,3362,4015467.0,1,11,2022-07-26 14:37:40.825338
Jakub,Kaminski,3475,4104965.0,2,11,2022-07-26 14:37:40.825338
Bartol,Franjic,3476,4680570.0,2,11,2022-07-26 14:37:40.825338
Mattias,Svanberg,4266,14502351.0,1,11,2022-07-26 14:37:40.825338
Raphael,Wolf,351,3450510.0,2,12,2022-07-26 14:37:40.825338
Matthias,Zimmermann,529,9364056.0,2,12,2022-07-26 14:37:40.825338
Daniel,Ginczek,540,5127517.0,2,12,2022-07-26 14:37:40.825338
Andre,Hoffmann,583,12568879.0,1,12,2022-07-26 14:37:40.825338
Felix,Klaus,607,8555500.0,1,12,2022-07-26 14:37:40.825338
Rouwen,Hennings,976,14686741.0,1,12,2022-07-26 14:37:40.825338
Marcel,Sobottka,1204,7563174.0,2,12,2022-07-26 14:37:40.825338
Emmanuel,Iyoha,2250,3947885.0,2,12,2022-07-26 14:37:40.825338
Dennis,Gorka,2369,979525.0,2,12,2022-07-26 14:37:40.825338
Dawid,Kownacki,2375,4604863.0,1,12,2022-07-26 14:37:40.825338
Florian,Kastenmeier,2660,11932608.0,2,12,2022-07-26 14:37:40.825338
Opoku,Ampomah,2684,1035130.0,1,12,2022-07-26 14:37:40.825338
Shinta,Appelkamp,2731,12220758.0,1,12,2022-07-26 14:37:40.825338
Jakub,Piotrowski,2874,3581559.0,2,12,2022-07-26 14:37:40.825338
Christoph,Klarer,2918,8858041.0,1,12,2022-07-26 14:37:40.825338
Kristoffer,Peterson,2919,3735370.0,2,12,2022-07-26 14:37:40.825338
Ao,Tanaka,3037,8168534.0,1,12,2022-07-26 14:37:40.825338
Tim Christopher,Oberdorf,3086,4823178.0,1,12,2022-07-26 14:37:40.825338
Nicolas,Gavory,3181,9109748.0,1,12,2022-07-26 14:37:40.825338
Jordy,de Wijs,3192,8895490.0,2,12,2022-07-26 14:37:40.825338
Takashi,Uchino,3211,1848299.0,1,12,2022-07-26 14:37:40.825338
Benjamin,Böckle,3550,1689838.0,2,12,2022-07-26 14:37:40.825338
Daniel,Caligiuri,542,10507013.0,1,13,2022-07-26 14:37:40.825338
André,Hahn,570,4489418.0,2,13,2022-07-26 14:37:40.825338
Tobias,Strobl,653,500000.0,0,13,2022-07-26 14:37:40.825338
Raphael,Framberger,668,778635.0,2,13,2022-07-26 14:37:40.825338
Carlos,Gruezo,1212,1921868.0,2,13,2022-07-26 14:37:40.825338
Florian,Niederlechner,1680,4047716.0,2,13,2022-07-26 14:37:40.825338
Jeffrey,Gouweleeuw,1811,10509771.0,1,13,2022-07-26 14:37:40.825338
Noah Joel,Sarenren Bazee,1839,500000.0,0,13,2022-07-26 14:37:40.825338
Niklas,Dorsch,1929,8361461.0,2,13,2022-07-26 14:37:40.825338
Rafal,Gikiewicz,1936,12511638.0,1,13,2022-07-26 14:37:40.825338
Felix,Götze,1964,4668600.0,1,13,2022-07-26 14:37:40.825338
Arne,Maier,2005,8234758.0,1,13,2022-07-26 14:37:40.825338
Reece,Oxford,2047,13397608.0,2,13,2022-07-26 14:37:40.825338
Felix,Uduokhai,2065,5318393.0,1,13,2022-07-26 14:37:40.825338
Maurice,Malone,2206,504594.0,1,13,2022-07-26 14:37:40.825338
Fredrik,Jensen,2263,970822.0,2,13,2022-07-26 14:37:40.825338
Maximilian,Bauer,2582,2589318.0,2,13,2022-07-26 14:37:40.825338
Mads,Pedersen,2651,1785505.0,2,13,2022-07-26 14:37:40.825338
Iago Amaral,Borduchi,2662,8136648.0,1,13,2022-07-26 14:37:40.825338
Ruben,Vargas,2664,2461490.0,2,13,2022-07-26 14:37:40.825338
Tomás,Koubek,2727,500000.0,0,13,2022-07-26 14:37:40.825338
Ermedin,Demirović,2854,7182945.0,1,13,2022-07-26 14:37:40.825338
Robert,Gumny,2885,2233897.0,2,13,2022-07-26 14:37:40.825338
Lukas Emanuel,Petkov,2928,500000.0,0,13,2022-07-26 14:37:40.825338
Frederik Franck,Winther,3025,500000.0,0,13,2022-07-26 14:37:40.825338
Lasse,Günther,3026,500000.0,0,13,2022-07-26 14:37:40.825338
Ricardo,Pepi,3171,3941523.0,2,13,2022-07-26 14:37:40.825338
Kevin,Akpoguma,96,5653726.0,2,14,2022-07-26 14:37:40.825338
Sebastian,Rudy,410,2798701.0,2,14,2022-07-26 14:37:40.825338
Kevin,Vogt,477,9436339.0,1,14,2022-07-26 14:37:40.825338
Oliver,Baumann,524,14319101.0,1,14,2022-07-26 14:37:40.825338
Ermin,Bicakcic,717,1765010.0,2,14,2022-07-26 14:37:40.825338
Ihlas,Bebou,1308,12039483.0,2,14,2022-07-26 14:37:40.825338
Benjamin,Hübner,1429,9799881.0,1,14,2022-07-26 14:37:40.825338
Grischa,Prömel,1671,17404948.0,1,14,2022-07-26 14:37:40.825338
Pavel,Kaderábek,1726,9158086.0,1,14,2022-07-26 14:37:40.825338
Jacob,Bruun Larsen,1781,3120890.0,2,14,2022-07-26 14:37:40.825338
Andrej,Kramaric,1815,33405691.0,1,14,2022-07-26 14:37:40.825338
Dennis,Geiger,1990,6867510.0,2,14,2022-07-26 14:37:40.825338
Stefan,Posch,2006,9499471.0,1,14,2022-07-26 14:37:40.825338
Christoph,Baumgartner,2275,14858937.0,1,14,2022-07-26 14:37:40.825338
Ozan,Kabak,2373,3572578.0,1,14,2022-07-26 14:37:40.825338
David,Raum,2522,32704365.0,1,14,2022-07-26 14:37:40.825338
Philipp,Pentke,2532,500000.0,0,14,2022-07-26 14:37:40.825338
Finn,Becker,2596,4342717.0,1,14,2022-07-26 14:37:40.825338
Angelo,Stiller,2694,4000070.0,2,14,2022-07-26 14:37:40.825338
Robert,Skov,2717,3190717.0,1,14,2022-07-26 14:37:40.825338
Diadie,Samassékou,2737,6040503.0,2,14,2022-07-26 14:37:40.825338
Melayro,Bogarde,2763,3464627.0,1,14,2022-07-26 14:37:40.825338
Munas,Dabbur,2768,3868667.0,2,14,2022-07-26 14:37:40.825338
Luca,Philipp,2852,500000.0,0,14,2022-07-26 14:37:40.825338
Marco,John,2927,500000.0,0,14,2022-07-26 14:37:40.825338
Georginio,Rutter,2949,11818239.0,1,14,2022-07-26 14:37:40.825338
Justin Isiah,Che,3186,500000.0,0,14,2022-07-26 14:37:40.825338
Christoph,Kramer,8,2721539.0,2,15,2022-07-26 14:37:40.825338
Jonas,Hofmann,78,33439829.0,1,15,2022-07-26 14:37:40.825338
Tony,Jantschke,387,500000.0,2,15,2022-07-26 14:37:40.825338
Lars,Stindl,393,16395402.0,1,15,2022-07-26 14:37:40.825338
Patrick,Herrmann,547,2384109.0,2,15,2022-07-26 14:37:40.825338
Marvin,Friedrich,1223,11896955.0,2,15,2022-07-26 14:37:40.825338
Tobias,Sippel,1387,913720.0,2,15,2022-07-26 14:37:40.825338
Yann,Sommer,1568,17105973.0,1,15,2022-07-26 14:37:40.825338
Nico,Elvedi,1686,12185161.0,2,15,2022-07-26 14:37:40.825338
Mamadou,Doucouré,1876,500000.0,0,15,2022-07-26 14:37:40.825338
Louis,Beyer,2193,3952592.0,2,15,2022-07-26 14:37:40.825338
Florian,Neuhaus,2261,23376845.0,1,15,2022-07-26 14:37:40.825338
Alassane,Plea,2288,26337252.0,1,15,2022-07-26 14:37:40.825338
Torben,Müsel,2324,3358011.0,1,15,2022-07-26 14:37:40.825338
Stefan,Lainer,2644,9116512.0,2,15,2022-07-26 14:37:40.825338
Hannes,Wolf,2655,4406265.0,1,15,2022-07-26 14:37:40.825338
Marcus,Thuram,2704,12823433.0,1,15,2022-07-26 14:37:40.825338
Ramy,Bensebaini,2736,18626426.0,2,15,2022-07-26 14:37:40.825338
Conor,Noß,2756,500000.0,0,15,2022-07-26 14:37:40.825338
Luca,Netz,2799,4187527.0,2,15,2022-07-26 14:37:40.825338
Rocco,Reitz,2897,500000.0,0,15,2022-07-26 14:37:40.825338
Joseph,Scally,2941,6498779.0,1,15,2022-07-26 14:37:40.825338
Emmanuel Kouadio,Koné,3011,16659914.0,1,15,2022-07-26 14:37:40.825338
Yvandro,Borges Sanches,3090,4803434.0,1,15,2022-07-26 14:37:40.825338
Ko,Itakura,3129,12147311.0,1,15,2022-07-26 14:37:40.825338
Oscar,Fraulo,3503,510741.0,1,15,2022-07-26 14:37:40.825338
Christian,Mathenia,166,13231440.0,2,16,2022-07-26 14:37:40.825338
Johannes,Geis,606,11301801.0,1,16,2022-07-26 14:37:40.825338
Jan,Gyamerah,859,9462843.0,2,16,2022-07-26 14:37:40.825338
Florian,Hübner,1501,4632402.0,1,16,2022-07-26 14:37:40.825338
Enrico,Valentini,1517,8821742.0,2,16,2022-07-26 14:37:40.825338
Christopher,Schindler,1528,10580256.0,2,16,2022-07-26 14:37:40.825338
Mats,Daehli,1647,13145909.0,2,16,2022-07-26 14:37:40.825338
Tim,Handwerker,2088,13284798.0,1,16,2022-07-26 14:37:40.825338
Manuel,Wintzheimer,2098,4774021.0,1,16,2022-07-26 14:37:40.825338
Pascal,Köpke,2234,1468617.0,2,16,2022-07-26 14:37:40.825338
Taylan,Duman,2259,5833992.0,2,16,2022-07-26 14:37:40.825338
Christoph,Daferner,2389,10572616.0,1,16,2022-07-26 14:37:40.825338
Felix,Lohkemper,2425,1965456.0,2,16,2022-07-26 14:37:40.825338
Lino,Tempelmann,2732,9863725.0,2,16,2022-07-26 14:37:40.825338
Jens,Castrop,2862,1850526.0,1,16,2022-07-26 14:37:40.825338
Sadik,Fofana,3121,2192540.0,1,16,2022-07-26 14:37:40.825338
Carl,Klaus,3364,500000.0,0,16,2022-07-26 14:37:40.825338
Erik,Shuranov,3368,4134142.0,2,16,2022-07-26 14:37:40.825338
Fabian,Nürnberger,3369,9394573.0,1,16,2022-07-26 14:37:40.825338
Lukas,Schleimer,3370,2932055.0,2,16,2022-07-26 14:37:40.825338
Erik,Wekesser,3379,8490833.0,2,16,2022-07-26 14:37:40.825338
Kwadwo,Duah,3527,10552398.0,1,16,2022-07-26 14:37:40.825338
Sebastian,Kerk,167,13991990.0,2,17,2022-07-26 14:37:40.825338
Ron-Robert,Zieler,417,11589286.0,2,17,2022-07-26 14:37:40.825338
Julian,Börner,1139,10948447.0,2,17,2022-07-26 14:37:40.825338
Havard,Nielsen,1198,9681872.0,1,17,2022-07-26 14:37:40.825338
Sebastian,Ernst,1587,5823197.0,2,17,2022-07-26 14:37:40.825338
Jannik,Dehm,1679,6467439.0,2,17,2022-07-26 14:37:40.825338
Sebastian,Stolze,1729,2417636.0,2,17,2022-07-26 14:37:40.825338
Cedric,Teuchert,1842,4405969.0,2,17,2022-07-26 14:37:40.825338
Phil,Neumann,1952,11220402.0,2,17,2022-07-26 14:37:40.825338
Max,Besuschkow,1982,12019055.0,2,17,2022-07-26 14:37:40.825338
Leo,Weinkauf,2018,595370.0,2,17,2022-07-26 14:37:40.825338
Hendrik,Weydandt,2338,4532574.0,2,17,2022-07-26 14:37:40.825338
Louis,Schaub,2409,10364951.0,2,17,2022-07-26 14:37:40.825338
Maximilian,Beier,2714,8241397.0,2,17,2022-07-26 14:37:40.825338
Fabian,Kunze,2821,6199482.0,2,17,2022-07-26 14:37:40.825338
Luka,Krajnc,2909,3063732.0,2,17,2022-07-26 14:37:40.825338
António,Fóti,3202,1918985.0,2,17,2022-07-26 14:37:40.825338
Nicolò,Tresoldi,3261,711113.0,2,17,2022-07-26 14:37:40.825338
Tim,Walbrecht,3264,500000.0,0,17,2022-07-26 14:37:40.825338
Gaël  Bella,Ondoua,3265,4056521.0,2,17,2022-07-26 14:37:40.825338
Sei,Muroya,3266,3888220.0,2,17,2022-07-26 14:37:40.825338
Derrick Arthur,Köhn,3453,8508163.0,1,17,2022-07-26 14:37:40.825338
Enzo,Leopold,3516,1373902.0,2,17,2022-07-26 14:37:40.825338
Ekin,Celebi,3517,1881600.0,2,17,2022-07-26 14:37:40.825338
Dominik,Kohr,60,5695009.0,1,18,2022-07-26 14:37:40.825338
Stefan,Bell,550,10647390.0,1,18,2022-07-26 14:37:40.825338
Danny,Da Costa,1540,3378718.0,2,18,2022-07-26 14:37:40.825338
Robin,Zentner,1590,14391251.0,1,18,2022-07-26 14:37:40.825338
Alexander,Hack,1789,13120999.0,1,18,2022-07-26 14:37:40.825338
Karim,Onisiwo,1804,13521017.0,1,18,2022-07-26 14:37:40.825338
Aymane,Barkok,1971,1912349.0,2,18,2022-07-26 14:37:40.825338
Finn,Dahmen,2195,618064.0,2,18,2022-07-26 14:37:40.825338
Jonathan,Burkardt,2255,20995047.0,1,18,2022-07-26 14:37:40.825338
Anderson-Lenda,Lucoqui,2260,715270.0,2,18,2022-07-26 14:37:40.825338
Aarón,Martín,2322,4901770.0,2,18,2022-07-26 14:37:40.825338
Leandro,Barreiro Martins,2335,4862376.0,2,18,2022-07-26 14:37:40.825338
Issah,Abass,2348,500000.0,0,18,2022-07-26 14:37:40.825338
Jae-Sung,Lee,2476,3467760.0,2,18,2022-07-26 14:37:40.825338
Maxim,Leitsch,2515,8212786.0,1,18,2022-07-26 14:37:40.825338
Marcus,Ingvartsen,2642,2002624.0,2,18,2022-07-26 14:37:40.825338
Edimilson,Fernandes,2643,500000.0,2,18,2022-07-26 14:37:40.825338
Niklas,Tauer,2891,795830.0,2,18,2022-07-26 14:37:40.825338
Matondo-Merveille,Papela,2893,500000.0,0,18,2022-07-26 14:37:40.825338
Anton,Stach,2987,14953310.0,1,18,2022-07-26 14:37:40.825338
Lasse Finn,Rieß,3013,500000.0,0,18,2022-07-26 14:37:40.825338
Silvan Dominic,Widmer,3041,12668773.0,1,18,2022-07-26 14:37:40.825338
Delano,Burgzorg,3195,1215094.0,2,18,2022-07-26 14:37:40.825338
Anthony,Caci,3470,6250853.0,1,18,2022-07-26 14:37:40.825338
Angelo,Fulgini,3564,9310888.0,2,18,2022-07-26 14:37:40.825338
Branimir,Hrgota,84,15851585.0,2,19,2022-07-26 14:37:40.825338
Julian,Green,1187,7167147.0,1,19,2022-07-26 14:37:40.825338
Gideon,Jung,1604,2597966.0,2,19,2022-07-26 14:37:40.825338
Jeremy,Dudziak,1657,6705981.0,2,19,2022-07-26 14:37:40.825338
Max,Christiansen,1693,7846979.0,1,19,2022-07-26 14:37:40.825338
Timothy,Tillman,1932,10690084.0,1,19,2022-07-26 14:37:40.825338
Gian-Luca,Itter,2009,5439494.0,2,19,2022-07-26 14:37:40.825338
Jetro,Willems,2121,6617183.0,2,19,2022-07-26 14:37:40.825338
Simon,Asta,2198,7336962.0,1,19,2022-07-26 14:37:40.825338
Tobias,Raschl,2368,6792036.0,2,19,2022-07-26 14:37:40.825338
Sebastian,Griesbeck,2432,8295967.0,2,19,2022-07-26 14:37:40.825338
Nils,Seufert,2509,1525562.0,2,19,2022-07-26 14:37:40.825338
Leon,Schaffran,2544,638103.0,2,19,2022-07-26 14:37:40.825338
Ragnar,Ache,2855,7223943.0,1,19,2022-07-26 14:37:40.825338
Armindo,Sieb,2922,4788524.0,2,19,2022-07-26 14:37:40.825338
Sidney,Raebiger,2976,3642340.0,2,19,2022-07-26 14:37:40.825338
Dickson,Abiama,2982,5746571.0,1,19,2022-07-26 14:37:40.825338
Marco,Meyerhöfer,2985,4221575.0,2,19,2022-07-26 14:37:40.825338
Lasse,Schulz,2986,500000.0,0,19,2022-07-26 14:37:40.825338
Robin Luca,Kehr,2989,500000.0,0,19,2022-07-26 14:37:40.825338
Afimico,Pululu,3174,2282167.0,2,19,2022-07-26 14:37:40.825338
Andreas Christopher,Linde,3179,10073874.0,2,19,2022-07-26 14:37:40.825338
Oliver,Fobassam Nawe,3215,500000.0,2,19,2022-07-26 14:37:40.825338
Oussama,Haddadi,3506,6236692.0,1,19,2022-07-26 14:37:40.825338
Lucien,Littbarski,3507,1016817.0,1,19,2022-07-26 14:37:40.825338
Devin,Angleberger,3551,501520.0,2,19,2022-07-26 14:37:40.825338
Marc-Oliver,Kempf,99,11689147.0,2,20,2022-07-26 14:37:40.825338
Marvin,Plattenhardt,600,7038567.0,1,20,2022-07-26 14:37:40.825338
Peter,Pekarík,693,3379097.0,2,20,2022-07-26 14:37:40.825338
Vladimir,Darida,748,3881644.0,2,20,2022-07-26 14:37:40.825338
Kevin-Prince,Boateng,749,3405792.0,2,20,2022-07-26 14:37:40.825338
Davie,Selke,1183,3837866.0,2,20,2022-07-26 14:37:40.825338
Rune,Jarstein,1196,1217438.0,2,20,2022-07-26 14:37:40.825338
Maximilian,Mittelstädt,1664,4062672.0,2,20,2022-07-26 14:37:40.825338
Suat,Serdar,1790,9156060.0,1,20,2022-07-26 14:37:40.825338
Marco,Richter,2092,3672896.0,2,20,2022-07-26 14:37:40.825338
Dodi,Lukebakio Ngandoli,2308,4301712.0,2,20,2022-07-26 14:37:40.825338
Jonjoe,Kenny,2640,8002265.0,1,20,2022-07-26 14:37:40.825338
Dedryck,Boyata,2676,5722397.0,2,20,2022-07-26 14:37:40.825338
Krzysztof,Piatek,2780,2816219.0,2,20,2022-07-26 14:37:40.825338
Jessic,Ngankam,2791,1566533.0,2,20,2022-07-26 14:37:40.825338
Márton,Dárdai,2796,1265372.0,2,20,2022-07-26 14:37:40.825338
Lucas,Tousart,2814,2694355.0,2,20,2022-07-26 14:37:40.825338
Deyovaisio,Zeefuik,2867,2554115.0,1,20,2022-07-26 14:37:40.825338
Omar,Alderete,2916,500000.0,2,20,2022-07-26 14:37:40.825338
Stevan,Jovetić,3088,4481212.0,2,20,2022-07-26 14:37:40.825338
Linus,Gechter,3097,1311647.0,2,20,2022-07-26 14:37:40.825338
Oliver,Christensen,3133,4964415.0,1,20,2022-07-26 14:37:40.825338
Jurgen,Ekkelenkamp,3135,1776455.0,2,20,2022-07-26 14:37:40.825338
Myziane,Maolida,3145,777591.0,2,20,2022-07-26 14:37:40.825338
Fredrik André,Bjørkan,3173,500000.0,0,20,2022-07-26 14:37:40.825338
Dong-Jun,Lee,3198,500000.0,0,20,2022-07-26 14:37:40.825338
Kélian,Nsona,3199,500000.0,0,20,2022-07-26 14:37:40.825338
Filip,Uremovic,3486,903070.0,2,20,2022-07-26 14:37:40.825338
Ivan,Sunjic,3540,3063161.0,2,20,2022-07-26 14:37:40.825338
Chidera,Ejuke,3565,5891890.0,1,20,2022-07-26 14:37:40.825338
Robin,Krauße,865,2994830.0,2,21,2022-07-26 14:37:40.825338
Michael,Schultz,872,2615826.0,2,21,2022-07-26 14:37:40.825338
Fabio,Kaufmann,1302,5029461.0,2,21,2022-07-26 14:37:40.825338
Jasmin,Fejzic,1360,5678530.0,2,21,2022-07-26 14:37:40.825338
Maurice,Multhaup,1608,2668758.0,2,21,2022-07-26 14:37:40.825338
Anton,Donkor,1911,3058156.0,2,21,2022-07-26 14:37:40.825338
Saulo,Decarli,2025,4903091.0,1,21,2022-07-26 14:37:40.825338
Niko,Kijewski,2027,5316074.0,1,21,2022-07-26 14:37:40.825338
Ron Thorben,Hoffmann,2100,5648595.0,1,21,2022-07-26 14:37:40.825338
Brian,Behrendt,2411,5593033.0,1,21,2022-07-26 14:37:40.825338
Jannis,Nikolaou,2482,4103639.0,2,21,2022-07-26 14:37:40.825338
Benjamin,Girth,2486,500000.0,0,21,2022-07-26 14:37:40.825338
Luc,Ihorst,2672,1736726.0,2,21,2022-07-26 14:37:40.825338
Immanuel,Pherai,2691,5620154.0,1,21,2022-07-26 14:37:40.825338
Mehmet,Ibrahimi,3162,569065.0,1,21,2022-07-26 14:37:40.825338
Philipp,Strompf,3427,2227396.0,1,21,2022-07-26 14:37:40.825338
Enrique Manuel,Peña Zauner,3428,2005947.0,2,21,2022-07-26 14:37:40.825338
Lennart,Schulze Kökelsum,3429,500000.0,0,21,2022-07-26 14:37:40.825338
Luis,Görlich,3431,801452.0,2,21,2022-07-26 14:37:40.825338
Yari,Otto,3433,1300221.0,2,21,2022-07-26 14:37:40.825338
Bryan,Henning,3434,3144590.0,2,21,2022-07-26 14:37:40.825338
Lion,Lauberbach,3435,4669814.0,1,21,2022-07-26 14:37:40.825338
Danilo,Wiebe,3437,1035933.0,2,21,2022-07-26 14:37:40.825338
Jan-Hendrik,Marx,3439,4035351.0,1,21,2022-07-26 14:37:40.825338
Fabian,Klos,1115,11213866.0,1,22,2022-07-26 14:37:40.825338
Marc,Rzatkowski,1523,3757788.0,2,22,2022-07-26 14:37:40.825338
Oliver,Hüsing,1552,11043829.0,2,22,2022-07-26 14:37:40.825338
Stefanos,Kapino,1595,10366113.0,2,22,2022-07-26 14:37:40.825338
Robin,Hack,2074,9694568.0,2,22,2022-07-26 14:37:40.825338
Manuel,Prietl,2416,6810218.0,2,22,2022-07-26 14:37:40.825338
Janni,Serra,2474,10241842.0,2,22,2022-07-26 14:37:40.825338
Masaya,Okugawa,2494,13946972.0,1,22,2022-07-26 14:37:40.825338
Sebastian,Vasiliadis,2502,5654515.0,2,22,2022-07-26 14:37:40.825338
Florian,Krüger,2581,7173789.0,2,22,2022-07-26 14:37:40.825338
Frederik,Jäkel,2675,7882985.0,1,22,2022-07-26 14:37:40.825338
Jomaine,Consbruch,2827,1439067.0,2,22,2022-07-26 14:37:40.825338
Christian,Gebauer,2844,2040437.0,2,22,2022-07-26 14:37:40.825338
Noel,Niemann,2848,686252.0,2,22,2022-07-26 14:37:40.825338
Nathan,De Medina,2849,3772576.0,2,22,2022-07-26 14:37:40.825338
Vladislav,Cherny,2880,500000.0,2,22,2022-07-26 14:37:40.825338
Bryan,Lasme,3022,5714077.0,2,22,2022-07-26 14:37:40.825338
Guilherme,Magro Pires Ramos,3023,5970261.0,2,22,2022-07-26 14:37:40.825338
Arne,Schulz,3074,500000.0,2,22,2022-07-26 14:37:40.825338
Andrés Alberto,Andrade,3142,7305235.0,1,22,2022-07-26 14:37:40.825338
Burak,İnce,3185,2739963.0,2,22,2022-07-26 14:37:40.825338
George Oluwaseun,Bello,3197,3837862.0,2,22,2022-07-26 14:37:40.825338
Silvan,Sidler,3508,4257786.0,2,22,2022-07-26 14:37:40.825338
Benjamin,Kanuric,3553,1771908.0,2,22,2022-07-26 14:37:40.825338
Thomas,Meißner,79,2643738.0,2,23,2022-07-26 14:37:40.825338
John,Verhoek,1454,11171326.0,2,23,2022-07-26 14:37:40.825338
Damian,Rossbach,1601,8775739.0,1,23,2022-07-26 14:37:40.825338
Lukas,Fröde,1666,8408573.0,2,23,2022-07-26 14:37:40.825338
Nils-Jonathan,Körber,1694,1739996.0,2,23,2022-07-26 14:37:40.825338
Lukas,Hinterseer,1724,3386105.0,1,23,2022-07-26 14:37:40.825338
John-Patrick,Strauß,1874,3593994.0,2,23,2022-07-26 14:37:40.825338
Pascal,Breier,2175,2301292.0,2,23,2022-07-26 14:37:40.825338
Simon,Rhein,2353,5884843.0,2,23,2022-07-26 14:37:40.825338
Haris,Duljevic,2407,4148516.0,2,23,2022-07-26 14:37:40.825338
Kai,Pröger,2457,6353380.0,2,23,2022-07-26 14:37:40.825338
Frederic,Ananou,2517,4115239.0,2,23,2022-07-26 14:37:40.825338
Svante,Ingelsson,2906,4493816.0,2,23,2022-07-26 14:37:40.825338
Morris,Schröter,3321,3123806.0,2,23,2022-07-26 14:37:40.825338
Lukas,Scherff,3441,593695.0,1,23,2022-07-26 14:37:40.825338
Nils Gustav Georg,Fröling,3442,1657612.0,2,23,2022-07-26 14:37:40.825338
Theo Gunnar,Martens,3444,616242.0,2,23,2022-07-26 14:37:40.825338
Maurice Jerome,Litka,3445,500000.0,0,23,2022-07-26 14:37:40.825338
Ryan Patrick,Malone,3446,8178199.0,1,23,2022-07-26 14:37:40.825338
Kevin,Schumacher,3447,1162270.0,1,23,2022-07-26 14:37:40.825338
Nico,Neidhart,3449,4794480.0,2,23,2022-07-26 14:37:40.825338
Markus,Kolke,3450,9470900.0,2,23,2022-07-26 14:37:40.825338
Ridge,Munsy,3451,1888699.0,2,23,2022-07-26 14:37:40.825338
Oliver,Daedlow,3462,684123.0,2,23,2022-07-26 14:37:40.825338
Dennis,Dressel,3513,4056384.0,1,23,2022-07-26 14:37:40.825338
Sébastien,Thill,3514,5785473.0,2,23,2022-07-26 14:37:40.825338
Benno,Dietze,3546,784902.0,1,23,2022-07-26 14:37:40.825338
Philipp,Hofmann,46,7249666.0,1,24,2022-07-26 14:37:40.825338
Konstantinos,Stafylidis,616,2882901.0,2,24,2022-07-26 14:37:40.825338
Kevin,Stöger,619,3122693.0,2,24,2022-07-26 14:37:40.825338
Michael,Esser,1158,1958519.0,2,24,2022-07-26 14:37:40.825338
Manuel,Riemann,1405,16223178.0,1,24,2022-07-26 14:37:40.825338
Anthony,Losilla,1514,10188285.0,1,24,2022-07-26 14:37:40.825338
Simon,Zoller,1534,4829028.0,2,24,2022-07-26 14:37:40.825338
Danilo,Soares,1544,7425437.0,2,24,2022-07-26 14:37:40.825338
Gerrit,Holtmann,1881,9064222.0,1,24,2022-07-26 14:37:40.825338
Takuma,Asano,2079,4287423.0,2,24,2022-07-26 14:37:40.825338
Silvère,Ganvoula,2469,2350619.0,2,24,2022-07-26 14:37:40.825338
Philipp,Förster,2526,3231440.0,2,24,2022-07-26 14:37:40.825338
Christopher,Antwi-Adjei,2539,532740.0,2,24,2022-07-26 14:37:40.825338
Patrick,Osterhage,2722,675674.0,2,24,2022-07-26 14:37:40.825338
Cristian,Gamboa,2990,3390530.0,2,24,2022-07-26 14:37:40.825338
Tarsis,Bonga,2993,500000.0,0,24,2022-07-26 14:37:40.825338
Erhan,Mašović,2994,5084239.0,1,24,2022-07-26 14:37:40.825338
Konstantinos-Vassilios,Lampropoulos,2997,1642347.0,2,24,2022-07-26 14:37:40.825338
Paul,Grave,2998,500000.0,0,24,2022-07-26 14:37:40.825338
Jordi,Osei-Tutu,3483,532677.0,1,24,2022-07-26 14:37:40.825338
Saidy,Janko,3484,1030029.0,2,24,2022-07-26 14:37:40.825338
Jacek,Góralski,3485,2555243.0,2,24,2022-07-26 14:37:40.825338
Ivan,Ordets,3558,5797863.0,1,24,2022-07-26 14:37:40.825338
Marco,Thiede,30,8281887.0,2,27,2022-07-26 14:37:40.825338
Florian,Ballas,169,3179744.0,2,27,2022-07-26 14:37:40.825338
Sebastian,Jung,476,3362959.0,2,27,2022-07-26 14:37:40.825338
Marius,Gersbeck,667,8279879.0,2,27,2022-07-26 14:37:40.825338
Daniel,Gordon,1009,7873218.0,2,27,2022-07-26 14:37:40.825338
Kyoung-Rok,Choi,1343,8096813.0,2,27,2022-07-26 14:37:40.825338
Lucas,Cueto,1585,2963346.0,1,27,2022-07-26 14:37:40.825338
Marvin,Wanitzek,1668,16981745.0,2,27,2022-07-26 14:37:40.825338
Philip,Heise,1681,10562789.0,2,27,2022-07-26 14:37:40.825338
Jerome,Gondorf,1716,8206721.0,2,27,2022-07-26 14:37:40.825338
Kilian,Jakob,2149,2014517.0,2,27,2022-07-26 14:37:40.825338
Fabian,Schleusener,2442,5080614.0,2,27,2022-07-26 14:37:40.825338
Marcel,Franke,2637,9215425.0,2,27,2022-07-26 14:37:40.825338
Paul,Nebel,2895,4171223.0,2,27,2022-07-26 14:37:40.825338
Felix Omoruyi,Irorere,3076,500000.0,2,27,2022-07-26 14:37:40.825338
Kai,Eisele,3161,3258853.0,1,27,2022-07-26 14:37:40.825338
Mikkel,Kaufmann Sørensen,3289,4400363.0,2,27,2022-07-26 14:37:40.825338
Christoph,Kobald,3324,5674312.0,2,27,2022-07-26 14:37:40.825338
Max,Weiß,3325,500000.0,0,27,2022-07-26 14:37:40.825338
Lazar,Mirković,3327,981348.0,2,27,2022-07-26 14:37:40.825338
Tim,Breithaupt,3329,5395992.0,2,27,2022-07-26 14:37:40.825338
Leon,Jensen,3330,500000.0,0,27,2022-07-26 14:37:40.825338
Malik,Batmaz,3331,1187119.0,2,27,2022-07-26 14:37:40.825338
Tim,Rossmann,3335,1561863.0,1,27,2022-07-26 14:37:40.825338
Stefano,Marino,3336,727437.0,2,27,2022-07-26 14:37:40.825338
Daniel Michael,O'Shaughnessy,3337,2488655.0,2,27,2022-07-26 14:37:40.825338
Kelvin,Arase,3524,4049603.0,2,27,2022-07-26 14:37:40.825338
Simone,Rapp,4255,1708609.0,2,27,2022-07-26 14:37:40.825338
Anthony,Modeste,684,30791381.0,1,28,2022-07-26 14:37:40.825338
Benno,Schmitz,1229,9561266.0,2,28,2022-07-26 14:37:40.825338
Timo,Horn,1245,2626322.0,2,28,2022-07-26 14:37:40.825338
Jonas,Hector,1256,19106871.0,2,28,2022-07-26 14:37:40.825338
Marvin,Schwäbe,1580,12109100.0,1,28,2022-07-26 14:37:40.825338
Mark,Uth,1725,18288024.0,2,28,2022-07-26 14:37:40.825338
Florian,Kainz,1903,16555133.0,1,28,2022-07-26 14:37:40.825338
Ondrej,Duda,1919,2856972.0,2,28,2022-07-26 14:37:40.825338
Timo,Hübers,2069,14289331.0,1,28,2022-07-26 14:37:40.825338
Linton,Maina,2201,4394509.0,2,28,2022-07-26 14:37:40.825338
Kingsley,Schindler,2213,1132353.0,2,28,2022-07-26 14:37:40.825338
Luca,Kilian,2349,8988296.0,1,28,2022-07-26 14:37:40.825338
Sebastian,Andersson,2394,2243032.0,2,28,2022-07-26 14:37:40.825338
Sargis,Adamyan,2426,8190753.0,1,28,2022-07-26 14:37:40.825338
Niklas,Hauptmann,2483,500000.0,0,28,2022-07-26 14:37:40.825338
Kingsley,Ehizibue,2648,864568.0,2,28,2022-07-26 14:37:40.825338
Eric,Martel,2702,1043319.0,2,28,2022-07-26 14:37:40.825338
Ellyes,Skhiri,2718,17429895.0,2,28,2022-07-26 14:37:40.825338
Steffen,Tigges,2749,4410390.0,2,28,2022-07-26 14:37:40.825338
Jan,Thielmann,2765,3033165.0,2,28,2022-07-26 14:37:40.825338
Tim,Lemperle,2803,885303.0,2,28,2022-07-26 14:37:40.825338
Bright Akwo,Arrey-Mbi,2847,501912.0,2,28,2022-07-26 14:37:40.825338
Dimitris,Limnios,2903,500000.0,0,28,2022-07-26 14:37:40.825338
Dejan,Ljubičić,3029,6221782.0,2,28,2022-07-26 14:37:40.825338
Jonas,Urbig,3072,500000.0,0,28,2022-07-26 14:37:40.825338
Mathias Flaga,Olesen,3167,2681838.0,1,28,2022-07-26 14:37:40.825338
Julian,Chabot,3190,502901.0,2,28,2022-07-26 14:37:40.825338
Kristian,Pedersen,3472,2852058.0,2,28,2022-07-26 14:37:40.825338
Denis,Huseinbasic,3500,2346722.0,1,28,2022-07-26 14:37:40.825338
Florian,Dietz,4252,501583.0,1,28,2022-07-26 14:37:40.825338
Robert,Leipertz,1189,9163129.0,1,29,2022-07-26 14:37:40.825338
Leopold,Zingerle,1225,1927686.0,2,29,2022-07-26 14:37:40.825338
Uwe,Hünemeier,1350,9928852.0,2,29,2022-07-26 14:37:40.825338
Marco,Schuster,1563,7444053.0,2,29,2022-07-26 14:37:40.825338
Felix,Platte,1663,9109810.0,1,29,2022-07-26 14:37:40.825338
Jannik,Huth,1767,12865268.0,2,29,2022-07-26 14:37:40.825338
Raphael,Obermair,2015,7034277.0,1,29,2022-07-26 14:37:40.825338
Robin,Bormuth,2256,2266211.0,2,29,2022-07-26 14:37:40.825338
Florent,Muslija,2346,11451557.0,1,29,2022-07-26 14:37:40.825338
Jonas,Carls,2385,2047505.0,2,29,2022-07-26 14:37:40.825338
Tobias,Müller,2441,3728495.0,2,29,2022-07-26 14:37:40.825338
Kelvin,Ofori,2726,1030337.0,2,29,2022-07-26 14:37:40.825338
Dennis,Srbeny,2769,7389688.0,2,29,2022-07-26 14:37:40.825338
Julian,Justvan,2793,13357250.0,1,29,2022-07-26 14:37:40.825338
Moritz,Schulze,2853,565358.0,2,29,2022-07-26 14:37:40.825338
Ron,Schallenberg,2876,13667073.0,1,29,2022-07-26 14:37:40.825338
Richmond,Tachie,2882,2464065.0,2,29,2022-07-26 14:37:40.825338
Jannis,Heuer,3031,6448207.0,1,29,2022-07-26 14:37:40.825338
Marcel,Mehlem,3032,2869529.0,2,29,2022-07-26 14:37:40.825338
Jasper,van der Werff,3033,10213184.0,1,29,2022-07-26 14:37:40.825338
John Warwick,Iredale,3040,547345.0,2,29,2022-07-26 14:37:40.825338
Sirlord Calvin,Conteh,3396,7314785.0,1,29,2022-07-26 14:37:40.825338
Adrian,Gryszkiewicz,3489,3644369.0,2,29,2022-07-26 14:37:40.825338
Kai,Klefisch,3490,500000.0,0,29,2022-07-26 14:37:40.825338
Sebastian,Klaas,3491,500000.0,0,29,2022-07-26 14:37:40.825338
Marcel,Hoffmeier,3492,3834751.0,1,29,2022-07-26 14:37:40.825338
Hendrick,Zuck,71,7092312.0,1,30,2022-07-26 14:37:40.825338
René,Klingenburg,140,4227609.0,2,30,2022-07-26 14:37:40.825338
Kevin,Kraus,610,9022329.0,1,30,2022-07-26 14:37:40.825338
Erik,Durm,732,7969067.0,1,30,2022-07-26 14:37:40.825338
Andreas,Luthe,1116,10839678.0,1,30,2022-07-26 14:37:40.825338
Jean,Zimmer,1312,6526943.0,1,30,2022-07-26 14:37:40.825338
Marlon,Ritter,1566,8225106.0,1,30,2022-07-26 14:37:40.825338
Philipp,Hercher,1843,6297370.0,2,30,2022-07-26 14:37:40.825338
Terrence,Boyd,1857,11159529.0,1,30,2022-07-26 14:37:40.825338
Hikmet,Ciftci,2007,4483376.0,2,30,2022-07-26 14:37:40.825338
Nicolas,Sessa,2142,2078458.0,2,30,2022-07-26 14:37:40.825338
Muhammed,Kiprit,2270,1892966.0,2,30,2022-07-26 14:37:40.825338
Julian,Krahl,2317,500000.0,2,30,2022-07-26 14:37:40.825338
Ben,Zolinski,2404,5106107.0,2,30,2022-07-26 14:37:40.825338
Kenny Prince,Redondo,2433,6692190.0,1,30,2022-07-26 14:37:40.825338
Maximilian,Hippe,2865,746540.0,2,30,2022-07-26 14:37:40.825338
Lex-Tyger,Lobinger,2964,2425050.0,2,30,2022-07-26 14:37:40.825338
Boris,Tomiak,2971,7131982.0,1,30,2022-07-26 14:37:40.825338
Julian,Niehues,3412,4498001.0,1,30,2022-07-26 14:37:40.825338
Daniel Patrick,Hanslik,3413,4904150.0,1,30,2022-07-26 14:37:40.825338
Anas,Bakhat,3414,508518.0,1,30,2022-07-26 14:37:40.825338
Mike,Wunderlich,3416,8651468.0,1,30,2022-07-26 14:37:40.825338
Avdo,Spahić,3417,790961.0,2,30,2022-07-26 14:37:40.825338
Dominik Friedrich,Schad,3421,2151396.0,2,30,2022-07-26 14:37:40.825338
Neal Sixten,Gibs,3422,1423772.0,2,30,2022-07-26 14:37:40.825338
Marius,Kleinsorge,3499,500000.0,2,30,2022-07-26 14:37:40.825338
Lars,Bünning,3531,2633795.0,2,30,2022-07-26 14:37:40.825338
Aaron,Basenach,4260,500000.0,0,30,2022-07-26 14:37:40.825338
Immanuel,Höhn,31,5025085.0,2,35,2022-07-26 14:37:40.825338
Erik,Zenga,56,9296099.0,1,35,2022-07-26 14:37:40.825338
Patrick,Drewes,75,11282216.0,2,35,2022-07-26 14:37:40.825338
Alexander,Esswein,378,3285827.0,2,35,2022-07-26 14:37:40.825338
Dennis,Diekmeier,418,6843444.0,1,35,2022-07-26 14:37:40.825338
Tom,Trybull,603,10612707.0,2,35,2022-07-26 14:37:40.825338
Bashkim,Ajdini,1344,2587858.0,2,35,2022-07-26 14:37:40.825338
David,Kinsombi,1560,7958308.0,1,35,2022-07-26 14:37:40.825338
Philipp,Ochs,1762,3439763.0,2,35,2022-07-26 14:37:40.825338
Chima Sean,Okoroji,2186,9351995.0,2,35,2022-07-26 14:37:40.825338
Arne,Sicker,2211,2855426.0,2,35,2022-07-26 14:37:40.825338
Ahmed,Kutucu,2359,2207282.0,2,35,2022-07-26 14:37:40.825338
Aleksandr,Zhirov,2490,9934610.0,1,35,2022-07-26 14:37:40.825338
Dario,Dumic,2610,7735473.0,2,35,2022-07-26 14:37:40.825338
Cebio,Soukou,2813,3669460.0,2,35,2022-07-26 14:37:40.825338
Nikolai,Rehnen,2815,500000.0,0,35,2022-07-26 14:37:40.825338
Janik Jay,Bachmann,3307,8240703.0,1,35,2022-07-26 14:37:40.825338
Benedikt Paul,Grawe,3308,500000.0,0,35,2022-07-26 14:37:40.825338
Marcel,Ritzmaier,3309,2025239.0,2,35,2022-07-26 14:37:40.825338
Christian,Kinsombi,3310,4780987.0,1,35,2022-07-26 14:37:40.825338
Vincent,Schwab,3311,642107.0,2,35,2022-07-26 14:37:40.825338
Oumar,Diakhité,3313,946449.0,2,35,2022-07-26 14:37:40.825338
Matej,Pulkrab,3523,4057188.0,1,35,2022-07-26 14:37:40.825338
Abu-Bekir,Ömer El-Zein,3541,603526.0,1,35,2022-07-26 14:37:40.825338
Joseph,Ganda,3542,500000.0,0,35,2022-07-26 14:37:40.825338
Christopher,Avevor,559,2316546.0,2,39,2022-07-26 14:37:40.825338
Luca-Milan,Zander,1231,6124619.0,2,39,2022-07-26 14:37:40.825338
Marcel,Hartel,1830,12295439.0,2,39,2022-07-26 14:37:40.825338
Johannes,Eggestein,1878,6540408.0,1,39,2022-07-26 14:37:40.825338
Lars,Ritzka,2090,2784048.0,2,39,2022-07-26 14:37:40.825338
Dennis,Smarsch,2158,5364232.0,1,39,2022-07-26 14:37:40.825338
David,Otto,2167,3151506.0,2,39,2022-07-26 14:37:40.825338
Leart,Paqarada,2453,18040870.0,1,39,2022-07-26 14:37:40.825338
Lukas,Daschner,2533,5944772.0,1,39,2022-07-26 14:37:40.825338
Carlo,Boukhalfa,2899,4131712.0,2,39,2022-07-26 14:37:40.825338
Sören,Ahlers,2937,500000.0,2,39,2022-07-26 14:37:40.825338
David,Nemeth,3014,4805068.0,2,39,2022-07-26 14:37:40.825338
Marcel,Beifus,3114,2353764.0,2,39,2022-07-26 14:37:40.825338
Etienne,Amenyido,3291,3488501.0,2,39,2022-07-26 14:37:40.825338
Jackson Alexander,Irvine,3292,12456238.0,1,39,2022-07-26 14:37:40.825338
Niklas,Jessen,3295,554486.0,1,39,2022-07-26 14:37:40.825338
Jannes Luca,Wieckhoff,3297,1789124.0,2,39,2022-07-26 14:37:40.825338
Nikola,Vasilj,3298,7994528.0,2,39,2022-07-26 14:37:40.825338
Afeez,Aremu Olalekan,3299,2339154.0,2,39,2022-07-26 14:37:40.825338
Eric Anders,Smith,3300,6054030.0,1,39,2022-07-26 14:37:40.825338
Adam,Dźwigała,3301,4721965.0,1,39,2022-07-26 14:37:40.825338
Franz,Roggow,3302,500000.0,2,39,2022-07-26 14:37:40.825338
Igor,Matanović,3304,5389665.0,1,39,2022-07-26 14:37:40.825338
Jakov,Medić,3305,10735280.0,2,39,2022-07-26 14:37:40.825338
Connor,Metcalfe,3532,3446101.0,2,39,2022-07-26 14:37:40.825338
Manolis,Saliakas,3533,8393084.0,1,39,2022-07-26 14:37:40.825338
Betim,Fazliji,4259,7306803.0,2,39,2022-07-26 14:37:40.825338
Rani,Khedira,51,4880701.0,2,40,2022-07-26 14:37:40.825338
Niko,Gießelmann,102,11838335.0,2,40,2022-07-26 14:37:40.825338
Sven,Michel,168,4046308.0,2,40,2022-07-26 14:37:40.825338
Robin,Knoche,623,16535393.0,1,40,2022-07-26 14:37:40.825338
Levin,Öztunali,672,1351856.0,2,40,2022-07-26 14:37:40.825338
Paul,Seguin,1207,7512641.0,1,40,2022-07-26 14:37:40.825338
Dominique,Heintz,1249,1317552.0,2,40,2022-07-26 14:37:40.825338
Janik,Haberer,1553,3405189.0,2,40,2022-07-26 14:37:40.825338
Genki,Haraguchi,1571,8014822.0,1,40,2022-07-26 14:37:40.825338
Timo,Baumgartl,1584,4283449.0,2,40,2022-07-26 14:37:40.825338
Milos,Pantovic,1794,4044423.0,2,40,2022-07-26 14:37:40.825338
Kevin,Möhwald,1841,500000.0,2,40,2022-07-26 14:37:40.825338
Rick,van Drongelen,2133,911452.0,2,40,2022-07-26 14:37:40.825338
Paul,Jäckel,2197,7990384.0,1,40,2022-07-26 14:37:40.825338
Frederik,Rönnow,2279,7611275.0,1,40,2022-07-26 14:37:40.825338
Jakob,Busk,2393,500000.0,0,40,2022-07-26 14:37:40.825338
Julian,Ryerson,2395,2422965.0,2,40,2022-07-26 14:37:40.825338
Christopher,Trimmel,2400,12848313.0,1,40,2022-07-26 14:37:40.825338
Tim,Skarke,2491,500000.0,0,40,2022-07-26 14:37:40.825338
Kevin,Behrens,2496,1321047.0,2,40,2022-07-26 14:37:40.825338
Andreas,Voglsammer,2631,2810917.0,2,40,2022-07-26 14:37:40.825338
Sheraldo,Becker,2646,15320690.0,1,40,2022-07-26 14:37:40.825338
Lennart,Grill,2839,2304015.0,2,40,2022-07-26 14:37:40.825338
Tim,Maciejewski,2890,2583023.0,1,40,2022-07-26 14:37:40.825338
Jamie,Leweling,2988,8734553.0,1,40,2022-07-26 14:37:40.825338
Tymoteusz,Puchacz,3020,3675423.0,1,40,2022-07-26 14:37:40.825338
András,Schäfer,3187,1126896.0,2,40,2022-07-26 14:37:40.825338
Theoson-Jordan,Siebatcheu Pefok,3454,12925365.0,1,40,2022-07-26 14:37:40.825338
Danilho,Doekhi,3473,4945797.0,1,40,2022-07-26 14:37:40.825338
Diogo Filipe,Monteiro Pinto Leite,4265,9602446.0,1,40,2022-07-26 14:37:40.825338
Morten,Thorsby,4285,8501707.0,1,40,2022-07-26 14:37:40.825338
Fabian,Holland,655,12037595.0,2,42,2022-07-26 14:37:40.825338
Fabian,Schnellhardt,1253,6820881.0,2,42,2022-07-26 14:37:40.825338
Marcel,Schuhen,1266,12084009.0,2,42,2022-07-26 14:37:40.825338
Tobias,Kempe,1464,15747934.0,2,42,2022-07-26 14:37:40.825338
Alexander,Brunst-Zöllner,1561,500000.0,2,42,2022-07-26 14:37:40.825338
Frank,Ronstadt,1893,3538282.0,1,42,2022-07-26 14:37:40.825338
Aaron,Seydel,1975,4343006.0,2,42,2022-07-26 14:37:40.825338
Phillip,Tietz,2030,15909676.0,2,42,2022-07-26 14:37:40.825338
Jannik,Müller,2430,2815198.0,1,42,2022-07-26 14:37:40.825338
Matthias,Bader,2450,10829518.0,2,42,2022-07-26 14:37:40.825338
Mathias,Honsak,2455,4305694.0,2,42,2022-07-26 14:37:40.825338
Klaus,Gjasula,2463,11313508.0,1,42,2022-07-26 14:37:40.825338
Marvin,Mehlem,2489,6435001.0,1,42,2022-07-26 14:37:40.825338
Patric,Pfeiffer,2572,12554101.0,2,42,2022-07-26 14:37:40.825338
Clemens,Riedel,3233,2024354.0,2,42,2022-07-26 14:37:40.825338
Emir,Karic,3236,4343132.0,2,42,2022-07-26 14:37:40.825338
Steve,Kroll,3237,500000.0,0,42,2022-07-26 14:37:40.825338
Braydon Marvin,Manu,3238,5301045.0,1,42,2022-07-26 14:37:40.825338
Andre,Leipold,3239,606546.0,2,42,2022-07-26 14:37:40.825338
John Peter,Sesay,3241,514425.0,2,42,2022-07-26 14:37:40.825338
Thomas Mattias,Poppler Isherwood,3242,6182806.0,2,42,2022-07-26 14:37:40.825338
Yassin,Ben Balla,3352,1766144.0,2,42,2022-07-26 14:37:40.825338
Magnus,Warming,3504,2188752.0,1,42,2022-07-26 14:37:40.825338
Oscar,Vilhelmsson,4258,5906582.0,2,42,2022-07-26 14:37:40.825338
Fabio,Torsiello,4303,500000.0,1,42,2022-07-26 14:37:40.825338
Janis,Blaswich,4,500000.0,0,43,2022-07-26 14:37:40.825338
Marcel,Halstenberg,77,13741847.0,1,43,2022-07-26 14:37:40.825338
Willi,Orban,1246,29636916.0,2,43,2022-07-26 14:37:40.825338
Lukas,Klostermann,1333,13916996.0,2,43,2022-07-26 14:37:40.825338
Kevin,Kampl,1653,11576137.0,2,43,2022-07-26 14:37:40.825338
Benjamin,Henrichs,1689,13401259.0,1,43,2022-07-26 14:37:40.825338
Yussuf,Poulsen,1865,4266560.0,2,43,2022-07-26 14:37:40.825338
Péter,Gulácsi,1896,17154572.0,1,43,2022-07-26 14:37:40.825338
Emil,Forsberg,1900,17232164.0,2,43,2022-07-26 14:37:40.825338
Konrad,Laimer,2038,20054283.0,1,43,2022-07-26 14:37:40.825338
Ademola,Lookman,2189,2882137.0,2,43,2022-07-26 14:37:40.825338
Nordi,Mukiele,2241,13157345.0,2,43,2022-07-26 14:37:40.825338
Amadou,Haidara,2365,11634163.0,1,43,2022-07-26 14:37:40.825338
Xaver,Schlager,2649,17224767.0,1,43,2022-07-26 14:37:40.825338
Christopher,Nkunku,2687,51347413.0,1,43,2022-07-26 14:37:40.825338
André Miguel,Valente Silva,2747,30953343.0,1,43,2022-07-26 14:37:40.825338
Dani,Olmo,2776,26205276.0,1,43,2022-07-26 14:37:40.825338
Jose Angel,Esmoris Tasende,2779,27393199.0,2,43,2022-07-26 14:37:40.825338
Hugo,Novoa Ramos,2868,709432.0,2,43,2022-07-26 14:37:40.825338
Alexander,Sørloth,2905,8652626.0,1,43,2022-07-26 14:37:40.825338
Dominik,Szoboszlai,2940,26437987.0,2,43,2022-07-26 14:37:40.825338
Mohamed,Simakan,3001,19098661.0,2,43,2022-07-26 14:37:40.825338
Joško,Gvardiol,3003,27393566.0,2,43,2022-07-26 14:37:40.825338
Solomon,Bonnah Owusu,3112,500000.0,0,43,2022-07-26 14:37:40.825338
Ilaix,Moriba,3140,1407006.0,2,43,2022-07-26 14:37:40.825338
Jonas,Nickisch,3561,500000.0,0,43,2022-07-26 14:37:40.825338
Benedikt,Saller,149,9980471.0,1,47,2022-07-26 14:37:40.825338
Thorsten,Kirschbaum,343,3525344.0,2,47,2022-07-26 14:37:40.825338
Benedikt,Gimber,1687,11207851.0,1,47,2022-07-26 14:37:40.825338
Leon,Guwara,1827,2939841.0,1,47,2022-07-26 14:37:40.825338
Joshua,Mees,2396,5963498.0,1,47,2022-07-26 14:37:40.825338
Steve,Breitkreuz,2484,12077445.0,2,47,2022-07-26 14:37:40.825338
Prince Osei,Owusu,2487,5225756.0,1,47,2022-07-26 14:37:40.825338
Maximilian,Thalhammer,2519,4408107.0,1,47,2022-07-26 14:37:40.825338
Sebastian,Nachreiner,2626,591762.0,2,47,2022-07-26 14:37:40.825338
Charalampos,Makridis,2757,1447705.0,2,47,2022-07-26 14:37:40.825338
Oscar,Schönfelder,2830,1108524.0,2,47,2022-07-26 14:37:40.825338
Nicklas,Shipnoski,3038,4341226.0,1,47,2022-07-26 14:37:40.825338
Dejan,Stojanovic,3357,7016888.0,1,47,2022-07-26 14:37:40.825338
Aygün,Yildirim,3375,894075.0,2,47,2022-07-26 14:37:40.825338
Konrad,Faber,3376,4657296.0,1,47,2022-07-26 14:37:40.825338
Andreas,Albers Nielsen,3377,14186970.0,1,47,2022-07-26 14:37:40.825338
Kaan,Caliskaner,3380,1737746.0,1,47,2022-07-26 14:37:40.825338
Scott,Fitzgerald Kennedy,3381,5325901.0,2,47,2022-07-26 14:37:40.825338
Jan,Elvedi,3382,7960450.0,1,47,2022-07-26 14:37:40.825338
Björn Karl,Zempelin,3383,591903.0,1,47,2022-07-26 14:37:40.825338
Christian,Viet,3529,3205182.0,1,47,2022-07-26 14:37:40.825338
Minos,Gouras,3530,1725685.0,1,47,2022-07-26 14:37:40.825338
Alexander,Bittroff,1079,5896820.0,1,48,2022-07-26 14:37:40.825338
Malcolm,Cacutalua,1182,2312306.0,2,48,2022-07-26 14:37:40.825338
Florian,Kath,1665,1200005.0,2,48,2022-07-26 14:37:40.825338
Dominik,Reimann,1670,7511790.0,2,48,2022-07-26 14:37:40.825338
Amara,Conde,1745,6589568.0,2,48,2022-07-26 14:37:40.825338
Baris,Atik,1836,11848992.0,1,48,2022-07-26 14:37:40.825338
Tatsuya,Ito,2156,6817640.0,1,48,2022-07-26 14:37:40.825338
Tim,Sechelmann,2299,1253602.0,1,48,2022-07-26 14:37:40.825338
Tim,Boss,2495,759915.0,2,48,2022-07-26 14:37:40.825338
Moritz-Broni,Kwarteng,2561,2513208.0,1,48,2022-07-26 14:37:40.825338
Jason,Ceka,2708,5526486.0,1,48,2022-07-26 14:37:40.825338
Julian,Rieckmann,2782,500000.0,2,48,2022-07-26 14:37:40.825338
Jan Luca,Schuler,2931,1992021.0,2,48,2022-07-26 14:37:40.825338
Jamie,Lawrence,3060,5013408.0,2,48,2022-07-26 14:37:40.825338
Andreas,Müller,3397,5928960.0,1,48,2022-07-26 14:37:40.825338
Noah,Kruth,3398,500000.0,0,48,2022-07-26 14:37:40.825338
Eldin,Dzogovic,3402,996396.0,1,48,2022-07-26 14:37:40.825338
Tom,Schlitter,3403,500000.0,2,48,2022-07-26 14:37:40.825338
Connor,Krempicki,3404,5794443.0,1,48,2022-07-26 14:37:40.825338
Luka,Slišković,3405,1494298.0,2,48,2022-07-26 14:37:40.825338
Maximilian,Franzke,3407,500000.0,0,48,2022-07-26 14:37:40.825338
Léon,Bell Bell,3409,5694208.0,1,48,2022-07-26 14:37:40.825338
Kai,Brünker,3410,1030030.0,2,48,2022-07-26 14:37:40.825338
Leon,Schmökel,3493,531407.0,2,48,2022-07-26 14:37:40.825338
Mohamed,El Hankouri,3505,4448936.0,1,48,2022-07-26 14:37:40.825338
Belal,Halbouni,3518,542876.0,2,48,2022-07-26 14:37:40.825338
Silas,Gnaka,3519,1148615.0,2,48,2022-07-26 14:37:40.825338
Daniel,Elfadli,3521,721094.0,1,48,2022-07-26 14:37:40.825338
Leonardo,Weschenfelder Scienza,3522,1478577.0,2,48,2022-07-26 14:37:40.825338
Norman,Theuerkauf,699,8654182.0,2,50,2022-07-26 14:37:40.825338
Kevin,Müller,755,12152402.0,2,50,2022-07-26 14:37:40.825338
Patrick,Mainka,841,13252845.0,2,50,2022-07-26 14:37:40.825338
Tim,Kleindienst,849,13776991.0,1,50,2022-07-26 14:37:40.825338
Andreas,Geipl,1291,5246958.0,1,50,2022-07-26 14:37:40.825338
Vitus,Eicher,1527,500000.0,0,50,2022-07-26 14:37:40.825338
Marnon,Busch,1622,9680686.0,1,50,2022-07-26 14:37:40.825338
Dzenis,Burnic,1784,6272199.0,1,50,2022-07-26 14:37:40.825338
Jonas,Föhrenbach,1871,7089689.0,1,50,2022-07-26 14:37:40.825338
Jan-Niklas,Beste,2125,12658334.0,1,50,2022-07-26 14:37:40.825338
Lennard,Maloney,2399,4323730.0,1,50,2022-07-26 14:37:40.825338
Kevin,Sessa,2551,5700281.0,1,50,2022-07-26 14:37:40.825338
Denis,Thomalla,2630,1998995.0,2,50,2022-07-26 14:37:40.825338
Tim,Siersleben,2690,5045880.0,1,50,2022-07-26 14:37:40.825338
Stefan,Schimmer,2809,4629023.0,1,50,2022-07-26 14:37:40.825338
Tim,Köther,2925,657701.0,2,50,2022-07-26 14:37:40.825338
Mert Hikmet,Arslan,3243,998273.0,1,50,2022-07-26 14:37:40.825338
Paul,Tschernuth,3245,500000.0,0,50,2022-07-26 14:37:40.825338
Melvin Aladin,Ramusović,3246,593087.0,2,50,2022-07-26 14:37:40.825338
Jan,Schöppner,3249,6984748.0,1,50,2022-07-26 14:37:40.825338
Christian,Kühlwetter,3250,4647590.0,2,50,2022-07-26 14:37:40.825338
Marvin Lee,Rittmüller,3251,764084.0,2,50,2022-07-26 14:37:40.825338
Thomas Leon,Keller,3339,2817231.0,2,50,2022-07-26 14:37:40.825338
Florian,Pick,3344,2488171.0,1,50,2022-07-26 14:37:40.825338
Merveille,Biankadi,3463,1544774.0,2,50,2022-07-26 14:37:40.825338
Adrian,Beck,3515,983836.0,1,50,2022-07-26 14:37:40.825338
Julian,Korb,3,5524510.0,1,51,2022-07-26 14:37:40.825338
Alexander,Mühling,74,13849222.0,2,51,2022-07-26 14:37:40.825338
Johannes,van den Bergh,315,7321125.0,2,51,2022-07-26 14:37:40.825338
Lewis,Holtby,380,10656378.0,2,51,2022-07-26 14:37:40.825338
Aleksandar,Ignjovski,514,1965302.0,2,51,2022-07-26 14:37:40.825338
Stefan,Thesker,594,6570279.0,2,51,2022-07-26 14:37:40.825338
Fin,Bartels,1019,6162667.0,2,51,2022-07-26 14:37:40.825338
Steven,Skrzybski,1529,4072788.0,2,51,2022-07-26 14:37:40.825338
Marvin,Schulz,1565,2259106.0,2,51,2022-07-26 14:37:40.825338
Finn,Porath,1691,7774042.0,2,51,2022-07-26 14:37:40.825338
Fabian,Reese,1796,12592170.0,1,51,2022-07-26 14:37:40.825338
Patrick,Erras,1844,1806614.0,2,51,2022-07-26 14:37:40.825338
Hauke,Wahl,1866,5015495.0,2,51,2022-07-26 14:37:40.825338
Jann-Fiete,Arp,2135,5135456.0,1,51,2022-07-26 14:37:40.825338
Kwasi Okyere,Wriedt,2159,3850501.0,2,51,2022-07-26 14:37:40.825338
Simon,Lorenz,2163,7295901.0,2,51,2022-07-26 14:37:40.825338
Marcel,Benger,2170,1724824.0,2,51,2022-07-26 14:37:40.825338
Noah,Awuku,2215,644833.0,2,51,2022-07-26 14:37:40.825338
Philipp,Sander,2560,3272156.0,1,51,2022-07-26 14:37:40.825338
Timon,Weiner,2568,500000.0,0,51,2022-07-26 14:37:40.825338
Tim,Schreiber,2699,500000.0,2,51,2022-07-26 14:37:40.825338
Timo,Becker,2762,7055775.0,1,51,2022-07-26 14:37:40.825338
Marvin,Obuz,2961,500000.0,2,51,2022-07-26 14:37:40.825338
Thomas,Dähne,3267,11966176.0,1,51,2022-07-26 14:37:40.825338
Marco,Komenda,3268,8446873.0,1,51,2022-07-26 14:37:40.825338
Jonas,Sterner,3271,903127.0,2,51,2022-07-26 14:37:40.825338
Mikkel,Kirkeskov Andersen,3274,1733571.0,2,51,2022-07-26 14:37:40.825338
Benedikt,Pichler,3275,10270397.0,1,51,2022-07-26 14:37:40.825338
Juan Nicolás,Carrera Zarzar,3276,567182.0,2,51,2022-07-26 14:37:40.825338
Ivan,Rakitic,974,19633925.0,1,52,2022-07-26 14:37:40.825338
Thomas,Delaney,1985,8819386.0,1,52,2022-07-26 14:37:40.825338
Karim,Rekik,2036,6167858.0,1,52,2022-07-26 14:37:40.825338
Marcos,do Nascimento Teixeira,3566,16406065.0,2,52,2022-07-26 14:37:40.825338
Gonzalo,Montiel,3567,6677394.0,1,52,2022-07-26 14:37:40.825338
Jesús,Navas,3568,14891071.0,1,52,2022-07-26 14:37:40.825338
Youssef,En-Nesyri,3569,6750000.0,1,52,2022-07-26 14:37:40.825338
Rafael,Mir Vicente,3570,3743849.0,1,52,2022-07-26 14:37:40.825338
Fernando Francisco,Reges,3572,12996429.0,1,52,2022-07-26 14:37:40.825338
Nemanja,Gudelj,3574,3137500.0,1,52,2022-07-26 14:37:40.825338
Erik,Lamela,3575,17900000.0,1,52,2022-07-26 14:37:40.825338
Iván,Romero,3576,1032056.0,1,52,2022-07-26 14:37:40.825338
Óliver,Torres,3577,4577138.0,1,52,2022-07-26 14:37:40.825338
Alejandro,Gómez,3578,14138925.0,1,52,2022-07-26 14:37:40.825338
Lucas,Ocampos,3579,13604167.0,1,52,2022-07-26 14:37:40.825338
Joan,Jordán,3580,11306373.0,1,52,2022-07-26 14:37:40.825338
Oussama,Idrissi,3581,4454905.0,1,52,2022-07-26 14:37:40.825338
Jesús,Corona,3582,9221629.0,2,52,2022-07-26 14:37:40.825338
Marko,Dmitrovic,3584,2612739.0,1,52,2022-07-26 14:37:40.825338
Yassine,Bounou,3585,18956562.0,1,52,2022-07-26 14:37:40.825338
Jules,Koundé,3586,26360360.0,1,52,2022-07-26 14:37:40.825338
Marcos Paulo,Mesquita Lopes,3587,1102644.0,1,52,2022-07-26 14:37:40.825338
Marcos,Acuña,3588,18351037.0,1,52,2022-07-26 14:37:40.825338
Munir,El-Haddadi,3589,915774.0,1,52,2022-07-26 14:37:40.825338
Stefan,Mitrovic,1592,3918526.0,1,53,2022-07-26 14:37:40.825338
Damián,Suárez,3590,6727922.0,1,53,2022-07-26 14:37:40.825338
Erick,Cabaco,3591,500000.0,0,53,2022-07-26 14:37:40.825338
Jaime,Seoane,3593,500000.0,0,53,2022-07-26 14:37:40.825338
Jakub,Jankto,3596,971211.0,2,53,2022-07-26 14:37:40.825338
Mauro,Arambarri,3597,13090789.0,1,53,2022-07-26 14:37:40.825338
Cristian,Portugués Manzanera,3598,8567407.0,1,53,2022-07-26 14:37:40.825338
Juan Antonio,Iglesias,3599,500000.0,0,53,2022-07-26 14:37:40.825338
Diego,Conde,3600,653789.0,1,53,2022-07-26 14:37:40.825338
Jonathan,Silva,3605,500000.0,0,53,2022-07-26 14:37:40.825338
Djené,Dakonam,3608,10224790.0,1,53,2022-07-26 14:37:40.825338
Enes,Ünal,3610,16611429.0,1,53,2022-07-26 14:37:40.825338
Jaime,Mata,3612,1086708.0,1,53,2022-07-26 14:37:40.825338
Domingos de Sousa,Coutinho Meneses Duarte,3613,6151923.0,1,53,2022-07-26 14:37:40.825338
Nemanja,Maksimovic,3614,8560526.0,1,53,2022-07-26 14:37:40.825338
Ignasi,Miquel,3615,2142086.0,1,53,2022-07-26 14:37:40.825338
Carles,Aleñá,3617,4850000.0,1,53,2022-07-26 14:37:40.825338
Diego,López,3618,503364.0,0,53,2022-07-26 14:37:40.825338
Gastón,Álvarez,3619,4718782.0,1,53,2022-07-26 14:37:40.825338
David,Soria,3620,13531691.0,1,53,2022-07-26 14:37:40.825338
Fabrizio,Angileri,4287,5092605.0,2,53,2022-07-26 14:37:40.825338
Sabit,Abdulai,4288,500000.0,0,53,2022-07-26 14:37:40.825338
Lucas,Torró,2280,12250000.0,1,55,2022-07-26 14:37:40.825338
Aitor,Fernández,3650,10057527.0,1,55,2022-07-26 14:37:40.825338
Rubén,Peña,3651,500000.0,0,55,2022-07-26 14:37:40.825338
Enrique,Barja Alfonso,3653,1701935.0,1,55,2022-07-26 14:37:40.825338
Darko,Brasanac,3655,3517130.0,1,55,2022-07-26 14:37:40.825338
Enrique,García Martínez,3657,1710268.0,1,55,2022-07-26 14:37:40.825338
David,García,3659,25495455.0,1,55,2022-07-26 14:37:40.825338
Unai,García,3662,5798455.0,2,55,2022-07-26 14:37:40.825338
Jesús,Areso,3663,500000.0,0,55,2022-07-26 14:37:40.825338
Roberto,Ibáñez Castro,3665,500000.0,0,55,2022-07-26 14:37:40.825338
Juan Cruz,Álvaro Armado,3666,5703365.0,1,55,2022-07-26 14:37:40.825338
Juan,Pérez,3667,500000.0,0,55,2022-07-26 14:37:40.825338
Ante,Budimir,3668,7724916.0,2,55,2022-07-26 14:37:40.825338
Aridane,Hernández,3669,5960480.0,1,55,2022-07-26 14:37:40.825338
Rubén,García,3670,8056250.0,1,55,2022-07-26 14:37:40.825338
Ignacio,Vidal Miralles,3671,10148633.0,1,55,2022-07-26 14:37:40.825338
Sergio,Herrera,3672,19658333.0,1,55,2022-07-26 14:37:40.825338
Ezequiel,Ávila,3674,5684375.0,1,55,2022-07-26 14:37:40.825338
José Ángel,Valdés Díaz,3675,1358178.0,1,55,2022-07-26 14:37:40.825338
Roberto,Torres,3676,500000.0,0,55,2022-07-26 14:37:40.825338
Javier,Martínez,3678,659001.0,1,55,2022-07-26 14:37:40.825338
Jon,Moncayola,3679,12362500.0,1,55,2022-07-26 14:37:40.825338
Miguel Ángel,Morro,3680,500000.0,0,56,2022-07-26 14:37:40.825338
Pathé,Ciss,3681,898907.0,1,56,2022-07-26 14:37:40.825338
Tiago Manuel,Dias Correia,3682,3588462.0,1,56,2022-07-26 14:37:40.825338
Sergio,Moreno,3683,1231697.0,1,56,2022-07-26 14:37:40.825338
Francisco José,García Torres,3685,10104027.0,1,56,2022-07-26 14:37:40.825338
Isaac,Palazón,3686,8619346.0,1,56,2022-07-26 14:37:40.825338
Andrés,Martín,3688,500000.0,0,56,2022-07-26 14:37:40.825338
Mario,Suárez,3689,500000.0,0,56,2022-07-26 14:37:40.825338
Stole,Dimitrievski,3690,17469764.0,1,56,2022-07-26 14:37:40.825338
Óscar,Trejo,3691,10322402.0,1,56,2022-07-26 14:37:40.825338
Álvaro,García Rivera,3693,15067343.0,1,56,2022-07-26 14:37:40.825338
Radamel,Falcao,3694,3252171.0,1,56,2022-07-26 14:37:40.825338
Óscar,Valentín,3695,4513081.0,1,56,2022-07-26 14:37:40.825338
Mario,Hernández,3696,1337320.0,1,56,2022-07-26 14:37:40.825338
José Ángel,Pozo la Rosa,3698,1947926.0,1,56,2022-07-26 14:37:40.825338
Randy,Nteka,3699,7067428.0,2,56,2022-07-26 14:37:40.825338
Santiago,Comesaña,3700,9580357.0,1,56,2022-07-26 14:37:40.825338
Alejandro,Catena,3701,17626109.0,1,56,2022-07-26 14:37:40.825338
Iván,Balliu,3702,6268158.0,2,56,2022-07-26 14:37:40.825338
Esteban,Saveljich,3704,4648707.0,1,56,2022-07-26 14:37:40.825338
Alhassane,Bangoura,3705,500000.0,0,56,2022-07-26 14:37:40.825338
Salvador,Sánchez Ponce,3709,2060875.0,1,56,2022-07-26 14:37:40.825338
Unai,López,3710,1335197.0,1,56,2022-07-26 14:37:40.825338
Daniel,García Carrillo,3711,6231093.0,1,57,2022-07-26 14:37:40.825338
Julen,Agirrezabala,3712,1004167.0,1,57,2022-07-26 14:37:40.825338
Gorka,Guruzeta,3713,1716605.0,1,57,2022-07-26 14:37:40.825338
Oier,Zarraga,3714,2430470.0,1,57,2022-07-26 14:37:40.825338
Unai,Simón,3716,15540769.0,1,57,2022-07-26 14:37:40.825338
Nicholas,Williams,3717,4722106.0,1,57,2022-07-26 14:37:40.825338
Unai,Vencedor,3718,5709336.0,1,57,2022-07-26 14:37:40.825338
Iker,Muniain,3719,31450000.0,1,57,2022-07-26 14:37:40.825338
Mikel,Vesga,3720,3556087.0,1,57,2022-07-26 14:37:40.825338
Yuri,Berchiche,3721,13558333.0,1,57,2022-07-26 14:37:40.825338
Jon,Morcillo,3722,500000.0,0,57,2022-07-26 14:37:40.825338
Daniel,Vivian,3723,15931094.0,2,57,2022-07-26 14:37:40.825338
Peru,Nolaskoain,3724,500000.0,0,57,2022-07-26 14:37:40.825338
Raúl,García,3725,4598193.0,1,57,2022-07-26 14:37:40.825338
Íñigo,Martínez,3726,25462582.0,1,57,2022-07-26 14:37:40.825338
Iñaki,Williams,3727,16462500.0,1,57,2022-07-26 14:37:40.825338
Oihan,Sancet,3728,8587637.0,1,57,2022-07-26 14:37:40.825338
Alejandro,Berenguer Remiro,3729,10042647.0,1,57,2022-07-26 14:37:40.825338
Óscar,De Marcos,3731,9134375.0,1,57,2022-07-26 14:37:40.825338
Mikel,Balenziaga,3732,7330245.0,1,57,2022-07-26 14:37:40.825338
Asier,Villalibre,3733,2153125.0,1,57,2022-07-26 14:37:40.825338
Yeray,Álvarez,3735,14081044.0,1,57,2022-07-26 14:37:40.825338
Íñigo,Lekue,3736,7819527.0,1,57,2022-07-26 14:37:40.825338
Nicolás,Serrano,4289,500000.0,0,57,2022-07-26 14:37:40.825338
Ander,Capa,4290,8737500.0,1,57,2022-07-26 14:37:40.825338
Antonio,Rüdiger,23,26045112.0,1,58,2022-07-26 14:37:40.825338
Toni,Kroos,350,44083333.0,1,58,2022-07-26 14:37:40.825338
David,Alaba,396,28955731.0,1,58,2022-07-26 14:37:40.825338
Daniel,Carvajal,593,25695538.0,1,58,2022-07-26 14:37:40.825338
Jesús,Vallejo,1915,1313062.0,2,58,2022-07-26 14:37:40.825338
Borja,Mayoral Moya,1922,8109290.0,1,58,2022-07-26 14:37:40.825338
Álvaro,Odriozola,2775,3018547.0,1,58,2022-07-26 14:37:40.825338
Reinier Jesus,Carvalho,2873,2517361.0,1,58,2022-07-26 14:37:40.825338
Marco,Asensio,3737,27519444.0,1,58,2022-07-26 14:37:40.825338
Federico,Valverde,3738,26092857.0,1,58,2022-07-26 14:37:40.825338
Andrii,Lunin,3740,591025.0,1,58,2022-07-26 14:37:40.825338
Eden,Hazard,3743,6037489.0,1,58,2022-07-26 14:37:40.825338
Thibaut,Courtois,3744,20167241.0,1,58,2022-07-26 14:37:40.825338
Carlos Henrique,Casimiro,3745,33596466.0,1,58,2022-07-26 14:37:40.825338
Ferland,Mendy,3746,31425174.0,1,58,2022-07-26 14:37:40.825338
Jose Ignacio,Fernandez Iglesias,3747,9483605.0,2,58,2022-07-26 14:37:40.825338
Éder Gabriel,Militão,3750,29184555.0,1,58,2022-07-26 14:37:40.825338
Aurélien,Tchouaméni,3752,15409778.0,1,58,2022-07-26 14:37:40.825338
Vinicius José,Paixão de Oliveira Júnior,3753,50156917.0,1,58,2022-07-26 14:37:40.825338
Lucas,Vázquez,3754,15140909.0,1,58,2022-07-26 14:37:40.825338
Rodrygo,Silva de Goes,3756,9943885.0,1,58,2022-07-26 14:37:40.825338
Karim,Benzema,3757,59855388.0,1,58,2022-07-26 14:37:40.825338
Luka,Modric,3760,35828571.0,1,58,2022-07-26 14:37:40.825338
Eduardo,Camavinga,3762,18814055.0,1,58,2022-07-26 14:37:40.825338
Mariano,Díaz Mejía,3763,4441339.0,1,58,2022-07-26 14:37:40.825338
Dani,Ceballos,3765,2188997.0,2,58,2022-07-26 14:37:40.825338
Matheus,Santos Carneiro Da Cunha,2268,6598730.0,1,61,2022-07-26 14:37:40.825338
Axel,Witsel,2323,10063771.0,1,61,2022-07-26 14:37:40.825338
Santiago,Arias,2907,4099208.0,1,61,2022-07-26 14:37:40.825338
Sergio,Camello,3839,1896985.0,1,61,2022-07-26 14:37:40.825338
Yannick,Carrasco,3841,27271304.0,1,61,2022-07-26 14:37:40.825338
Jan,Oblak,3843,13006757.0,1,61,2022-07-26 14:37:40.825338
Rodrigo,de Paul,3844,16793406.0,1,61,2022-07-26 14:37:40.825338
Saúl,Ñíguez,3845,19962827.0,1,61,2022-07-26 14:37:40.825338
Álvaro,Morata,3846,17587497.0,1,61,2022-07-26 14:37:40.825338
Nehuen,Pérez,3848,8218552.0,1,61,2022-07-26 14:37:40.825338
João Félix,Sequeira,3849,23515517.0,1,61,2022-07-26 14:37:40.825338
José,Giménez,3850,20783258.0,1,61,2022-07-26 14:37:40.825338
Geoffrey,Kondogbia,3851,9823187.0,1,61,2022-07-26 14:37:40.825338
Renan Augusto,Lodi dos Santos,3852,8159162.0,1,61,2022-07-26 14:37:40.825338
Ángel,Correa,3854,17025650.0,1,61,2022-07-26 14:37:40.825338
Antoine,Griezmann,3855,24341633.0,1,61,2022-07-26 14:37:40.825338
Samuel,Dias Lino,3856,9218978.0,1,61,2022-07-26 14:37:40.825338
Javier,Serrano Martínez,3858,500000.0,0,61,2022-07-26 14:37:40.825338
Mario,Hermoso,3860,9050279.0,1,61,2022-07-26 14:37:40.825338
Marcos,Llorente,3861,17443908.0,1,61,2022-07-26 14:37:40.825338
Stefan,Savic,3862,14564062.0,1,61,2022-07-26 14:37:40.825338
Jorge,Resurrección,3863,19581240.0,1,61,2022-07-26 14:37:40.825338
Rodrigo,Riquelme,3864,500000.0,0,61,2022-07-26 14:37:40.825338
Ivo,Grbic,3865,791826.0,1,61,2022-07-26 14:37:40.825338
Reinildo Isnard,Mandava,3866,7916026.0,2,61,2022-07-26 14:37:40.825338
Manuel,Sánchez,3867,8788812.0,1,61,2022-07-26 14:37:40.825338
Thomas,Lemar,3868,17714167.0,1,61,2022-07-26 14:37:40.825338
Daniel,Wass,3869,7937242.0,1,61,2022-07-26 14:37:40.825338
Felipe Augusto,de Almeida Monteiro,3870,7965122.0,1,61,2022-07-26 14:37:40.825338
Omar,Mascarell,1914,7940625.0,1,62,2022-07-26 14:37:40.825338
Carlos,Clerc,3817,3453372.0,1,62,2022-07-26 14:37:40.825338
José Antonio,Morente Oliva,3871,3450001.0,1,62,2022-07-26 14:37:40.825338
Pere,Milla,3872,2805829.0,1,62,2022-07-26 14:37:40.825338
Javier,Pastore,3873,2083469.0,1,62,2022-07-26 14:37:40.825338
Enzo,Roco,3874,5277083.0,1,62,2022-07-26 14:37:40.825338
Pedro,Bigas,3875,10455000.0,1,62,2022-07-26 14:37:40.825338
Edgar,Badia,3876,15252632.0,1,62,2022-07-26 14:37:40.825338
José Manuel,Sánchez Guillén,3877,500000.0,0,62,2022-07-26 14:37:40.825338
José Raúl,Gutiérrez Parejo,3879,2267559.0,1,62,2022-07-26 14:37:40.825338
Lucas,Boyé,3880,11037500.0,1,62,2022-07-26 14:37:40.825338
Ezequiel,Ponce,3881,3757429.0,2,62,2022-07-26 14:37:40.825338
José Antonio,Ferrández Pomares,3882,2319358.0,1,62,2022-07-26 14:37:40.825338
Diego,González,3883,3264474.0,1,62,2022-07-26 14:37:40.825338
Axel,Werner,3884,500000.0,0,62,2022-07-26 14:37:40.825338
John Chetauya Nwankwo,Donald,3885,762420.0,1,62,2022-07-26 14:37:40.825338
Johan,Mojica,3886,10945488.0,1,62,2022-07-26 14:37:40.825338
Fidel,Chaves de la Torre,3887,6296666.0,2,62,2022-07-26 14:37:40.825338
Gonzalo,Verdú,3888,2031911.0,1,62,2022-07-26 14:37:40.825338
Helibelton,Palacios Zapata,3889,5406564.0,2,62,2022-07-26 14:37:40.825338
Gerard,Gumbau,3890,5970838.0,2,62,2022-07-26 14:37:40.825338
Pablo,Maffeo,2235,10883333.0,1,63,2022-07-26 14:37:40.825338
Matthew,Hoppe,2933,500000.0,0,63,2022-07-26 14:37:40.825338
Jordi,Mboula,3891,909759.0,1,63,2022-07-26 14:37:40.825338
Antonio,Sánchez,3893,4423788.0,1,63,2022-07-26 14:37:40.825338
Abdón,Prats,3894,3136364.0,1,63,2022-07-26 14:37:40.825338
Clément,Grenier,3895,751844.0,1,63,2022-07-26 14:37:40.825338
Amath,Ndiaye,3896,858812.0,1,63,2022-07-26 14:37:40.825338
Dominik,Greif,3900,3802072.0,1,63,2022-07-26 14:37:40.825338
Junior Wakalible,Lago,3903,3003383.0,1,63,2022-07-26 14:37:40.825338
Iñigo,Ruiz de Galarreta,3905,4417409.0,1,63,2022-07-26 14:37:40.825338
Kang-In,Lee,3906,4306127.0,1,63,2022-07-26 14:37:40.825338
Antonio,Raíllo,3907,9908929.0,1,63,2022-07-26 14:37:40.825338
Daniel José,Rodríguez Vázquez,3908,9641369.0,1,63,2022-07-26 14:37:40.825338
Jaume,Costa,3909,7611607.0,1,63,2022-07-26 14:37:40.825338
Giovanni,González,3910,1160185.0,1,63,2022-07-26 14:37:40.825338
Martin,Valjent,3911,8369245.0,1,63,2022-07-26 14:37:40.825338
Iddrisu,Baba,3912,4290314.0,1,63,2022-07-26 14:37:40.825338
Franco,Russo,3913,3247596.0,1,63,2022-07-26 14:37:40.825338
Alexánder,Alegría Moreno,3916,500000.0,0,63,2022-07-26 14:37:40.825338
Ángel,Rodríguez,3917,1558700.0,1,63,2022-07-26 14:37:40.825338
Braian,Cufré,3918,4401327.0,1,63,2022-07-26 14:37:40.825338
José Manuel,Arias Copete,4291,1443697.0,1,63,2022-07-26 14:37:40.825338
Mikel,Merino,1875,27368172.0,1,64,2022-07-26 14:37:40.825338
Alexander,Isak,2003,10339286.0,1,64,2022-07-26 14:37:40.825338
Takefusa,Kubo,3739,7110798.0,1,64,2022-07-26 14:37:40.825338
David,Silva,3921,26434423.0,1,64,2022-07-26 14:37:40.825338
Ander,Barrenetxea,3922,1757553.0,1,64,2022-07-26 14:37:40.825338
Igor,Zubeldia,3924,3731579.0,1,64,2022-07-26 14:37:40.825338
Näis,Djouahra,3925,1751876.0,1,64,2022-07-26 14:37:40.825338
Asier,Illarramendi,3927,2732738.0,1,64,2022-07-26 14:37:40.825338
Mohamed-Ali,Cho,3928,6658265.0,1,64,2022-07-26 14:37:40.825338
Robin,Le Normand,3930,18207620.0,1,64,2022-07-26 14:37:40.825338
Jon,Pacheco,3932,1098908.0,1,64,2022-07-26 14:37:40.825338
Mathew,Ryan,3933,1979196.0,1,64,2022-07-26 14:37:40.825338
Martín,Zubimendi,3935,11895833.0,1,64,2022-07-26 14:37:40.825338
Carlos,Fernández,3936,500000.0,0,64,2022-07-26 14:37:40.825338
Julen,Lobete,3937,500000.0,0,64,2022-07-26 14:37:40.825338
Mikel,Oyarzabal,3939,24461648.0,2,64,2022-07-26 14:37:40.825338
Andoni,Gorosabel,3940,12706137.0,1,64,2022-07-26 14:37:40.825338
Martín,Merquelanz,3941,796565.0,1,64,2022-07-26 14:37:40.825338
Aihen,Muñoz,3943,5042058.0,2,64,2022-07-26 14:37:40.825338
Ander,Guevara,3944,2557143.0,1,64,2022-07-26 14:37:40.825338
Diego,Rico,3945,8358279.0,1,64,2022-07-26 14:37:40.825338
Brais,Méndez,3947,19698182.0,1,64,2022-07-26 14:37:40.825338
Aritz,Elustondo,3948,13829688.0,1,64,2022-07-26 14:37:40.825338
Beñat,Turrientes,3949,625477.0,1,64,2022-07-26 14:37:40.825338
Alejandro,Remiro Gargallo,3951,16948214.0,2,64,2022-07-26 14:37:40.825338
Unai,Núñez,3730,11963486.0,2,65,2022-07-26 14:37:40.825338
Luca,de la Torre,3953,924414.0,1,65,2022-07-26 14:37:40.825338
Denis,Suárez,3954,15875000.0,1,65,2022-07-26 14:37:40.825338
Joseph,Aidoo,3955,7254945.0,1,65,2022-07-26 14:37:40.825338
Javier,Galán Gil,3956,13061364.0,1,65,2022-07-26 14:37:40.825338
Iván,Villar,3958,500000.0,0,65,2022-07-26 14:37:40.825338
Franco,Cervi,3959,5298611.0,1,65,2022-07-26 14:37:40.825338
Sergio,Carreira,3960,1638944.0,1,65,2022-07-26 14:37:40.825338
Hugo,Mallo,3961,12495903.0,1,65,2022-07-26 14:37:40.825338
Renato,Tapia,3962,954904.0,1,65,2022-07-26 14:37:40.825338
Augusto,Solari,3963,500000.0,0,65,2022-07-26 14:37:40.825338
Miguel,Baeza,3965,500000.0,0,65,2022-07-26 14:37:40.825338
Kevin,Vázquez,3966,8776254.0,2,65,2022-07-26 14:37:40.825338
Iago,Aspas,3967,29884893.0,1,65,2022-07-26 14:37:40.825338
Francisco,Beltrán,3968,8552415.0,1,65,2022-07-26 14:37:40.825338
Williot,Swedberg,3969,5705761.0,2,65,2022-07-26 14:37:40.825338
Óscar,Rodríguez,3970,6283036.0,1,65,2022-07-26 14:37:40.825338
Francis,Coquelin,707,8052856.0,1,66,2022-07-26 14:37:40.825338
José,Reina,1619,2799143.0,1,66,2022-07-26 14:37:40.825338
Francisco,Alcácer,2341,5337203.0,1,66,2022-07-26 14:37:40.825338
Manuel,Morlanes Ariño,3971,768056.0,1,66,2022-07-26 14:37:40.825338
Gerónimo,Rulli,3972,17833333.0,1,66,2022-07-26 14:37:40.825338
Gerard,Moreno,3973,34530288.0,2,66,2022-07-26 14:37:40.825338
Fernando,Niño,3974,500000.0,0,66,2022-07-26 14:37:40.825338
Samuel,Chukwueze,3975,8266941.0,1,66,2022-07-26 14:37:40.825338
Boulaye,Dia,3976,6470536.0,1,66,2022-07-26 14:37:40.825338
Yeremi,Pino,3977,10120588.0,1,66,2022-07-26 14:37:40.825338
Arnaut,Danjuma,3978,21051923.0,1,66,2022-07-26 14:37:40.825338
Pau,Torres,3979,27147619.0,1,66,2022-07-26 14:37:40.825338
Etienne,Capoue,3980,15004412.0,1,66,2022-07-26 14:37:40.825338
Juan,Foyth,3981,13604545.0,1,66,2022-07-26 14:37:40.825338
Moisés,Gómez Bardonado,3982,2802083.0,1,66,2022-07-26 14:37:40.825338
Aïssa,Mandi,3984,10148286.0,1,66,2022-07-26 14:37:40.825338
Pervis,Estupiñán,3985,2577208.0,2,66,2022-07-26 14:37:40.825338
Manuel,Trigueros Muñoz,3986,15253571.0,1,66,2022-07-26 14:37:40.825338
José Luis,Morales,3987,14477273.0,1,66,2022-07-26 14:37:40.825338
Alberto,Moreno,3988,6643824.0,2,66,2022-07-26 14:37:40.825338
Jorge,Cuenca,3989,9161058.0,1,66,2022-07-26 14:37:40.825338
Mario Gaspar,Pérez Martínez,3990,2664583.0,1,66,2022-07-26 14:37:40.825338
Javier,Ontiveros,3991,896142.0,1,66,2022-07-26 14:37:40.825338
Daniel,Parejo,3992,33465477.0,1,66,2022-07-26 14:37:40.825338
Raúl,Albiol,3993,13561413.0,1,66,2022-07-26 14:37:40.825338
Alfonso,Pedraza,3994,15332143.0,1,66,2022-07-26 14:37:40.825338
Vicente,Iborra,3995,3556083.0,2,66,2022-07-26 14:37:40.825338
Alberto,Perea,3996,500000.0,0,67,2022-07-26 14:37:40.825338
Alfonso,Espino,3997,11228804.0,1,67,2022-07-26 14:37:40.825338
José María,Martín-Bejarano Serrano,3998,1327811.0,1,67,2022-07-26 14:37:40.825338
Milutin,Osmajic,3999,989104.0,1,67,2022-07-26 14:37:40.825338
Anthony,Lozano,4002,4179114.0,1,67,2022-07-26 14:37:40.825338
Álvaro,Negredo,4003,6023317.0,1,67,2022-07-26 14:37:40.825338
Luis,Hernández,4005,6077630.0,1,67,2022-07-26 14:37:40.825338
Álvaro,Giménez,4006,890579.0,1,67,2022-07-26 14:37:40.825338
Alejandro,Fernández Iglesias,4007,6241234.0,1,67,2022-07-26 14:37:40.825338
Joseba,Zaldua,4008,3972848.0,1,67,2022-07-26 14:37:40.825338
Victor,Chust,4009,3218750.0,1,67,2022-07-26 14:37:40.825338
Juan,Torres Ruiz,4010,2576249.0,1,67,2022-07-26 14:37:40.825338
Isaac,Carcelén,4011,2694554.0,1,67,2022-07-26 14:37:40.825338
Rubén,Alcaraz,4012,14113482.0,2,67,2022-07-26 14:37:40.825338
Awer,Mabil,4014,1025853.0,1,67,2022-07-26 14:37:40.825338
Rafael,Jiménez Jarque,4015,6606250.0,1,67,2022-07-26 14:37:40.825338
Lucas,Pérez,4016,5435714.0,1,67,2022-07-26 14:37:40.825338
Carlos,Akapo Martínez,4017,6451786.0,1,67,2022-07-26 14:37:40.825338
Tomás,Alarcón,4018,500000.0,0,67,2022-07-26 14:37:40.825338
David,Gil,4019,500000.0,0,67,2022-07-26 14:37:40.825338
Iván,Alejo,4020,1468530.0,1,67,2022-07-26 14:37:40.825338
Santiago,Arzamendia,4021,994444.0,1,67,2022-07-26 14:37:40.825338
Jorge,Pombo,4022,718648.0,1,67,2022-07-26 14:37:40.825338
Jeremías,Ledesma,4023,17367983.0,1,67,2022-07-26 14:37:40.825338
Rubén,Sobrino,4025,888466.0,1,67,2022-07-26 14:37:40.825338
Robert,Lewandowski,455,53937566.0,2,68,2022-07-26 14:37:40.825338
Marc-André,ter Stegen,531,16246591.0,2,68,2022-07-26 14:37:40.825338
Pierre-Emerick,Aubameyang,705,18869166.0,1,68,2022-07-26 14:37:40.825338
Andreas,Christensen,1732,20847058.0,1,68,2022-07-26 14:37:40.825338
Ousmane,Dembélé,1886,42059368.0,1,68,2022-07-26 14:37:40.825338
Nicolás,González Iglesias,4026,5582692.0,1,68,2022-07-26 14:37:40.825338
Norberto,Murara Neto,4027,1000769.0,1,68,2022-07-26 14:37:40.825338
Ferran,Torres,4028,29682353.0,1,68,2022-07-26 14:37:40.825338
Anssumane,Fati Vieira,4029,12583333.0,1,68,2022-07-26 14:37:40.825338
Franck,Kessié,4033,24708640.0,1,68,2022-07-26 14:37:40.825338
Pedro,González,4034,34650704.0,1,68,2022-07-26 14:37:40.825338
Eric,García,4035,11018669.0,2,68,2022-07-26 14:37:40.825338
Ignacio,Peña Sotorres,4036,500000.0,0,68,2022-07-26 14:37:40.825338
Jordi,Alba,4037,45400000.0,2,68,2022-07-26 14:37:40.825338
Sergi,Roberto,4038,5791667.0,1,68,2022-07-26 14:37:40.825338
Pablo,Torre,4040,3536736.0,2,68,2022-07-26 14:37:40.825338
Samuel,Umtiti,4042,3019697.0,1,68,2022-07-26 14:37:40.825338
Martin,Braithwaite,4044,3426190.0,1,68,2022-07-26 14:37:40.825338
Abdessamad,Ezzalzouli,4045,1375788.0,2,68,2022-07-26 14:37:40.825338
Gerard,Piqué,4046,25212242.0,1,68,2022-07-26 14:37:40.825338
Ricard,Puig Martí,4047,2536458.0,1,68,2022-07-26 14:37:40.825338
Ronald,Araújo,4048,20126923.0,1,68,2022-07-26 14:37:40.825338
Sergiño,Dest,4049,14325000.0,1,68,2022-07-26 14:37:40.825338
Memphis,Depay,4051,28359972.0,1,68,2022-07-26 14:37:40.825338
Óscar,Mingueza,4053,5121970.0,1,68,2022-07-26 14:37:40.825338
Miralem,Pjanic,4054,7511956.0,1,68,2022-07-26 14:37:40.825338
Sergio,Busquets,4055,29508333.0,1,68,2022-07-26 14:37:40.825338
Álex,Collado,4056,3256516.0,2,68,2022-07-26 14:37:40.825338
Pablo Martín,Páez,4057,17045238.0,1,68,2022-07-26 14:37:40.825338
Frenkie,de Jong,4058,26562500.0,1,68,2022-07-26 14:37:40.825338
Raphael,Dias Belloli,4261,33039505.0,1,68,2022-07-26 14:37:40.825338
Andrés,Guardado,1213,896196.0,2,69,2022-07-26 14:37:40.825338
Marc,Bartra,1904,19092898.0,2,69,2022-07-26 14:37:40.825338
Juan,Miranda,2745,8766203.0,1,69,2022-07-26 14:37:40.825338
William,Silva de Carvalho,4059,14594231.0,2,69,2022-07-26 14:37:40.825338
Nabil,Fekir,4060,43151515.0,1,69,2022-07-26 14:37:40.825338
Víctor,Ruiz,4061,13431250.0,1,69,2022-07-26 14:37:40.825338
Claudio,Bravo,4062,8281250.0,1,69,2022-07-26 14:37:40.825338
Diego,Lainez,4063,2585134.0,1,69,2022-07-26 14:37:40.825338
Alexandre,Moreno Lopera,4065,20420833.0,1,69,2022-07-26 14:37:40.825338
Edgar,González,4067,11689950.0,2,69,2022-07-26 14:37:40.825338
Lorenzo,Morón,4068,500000.0,0,69,2022-07-26 14:37:40.825338
Daniel,Martín Fernández,4069,500000.0,0,69,2022-07-26 14:37:40.825338
Guido,Rodríguez,4070,14532693.0,1,69,2022-07-26 14:37:40.825338
Sergio,Canales,4071,31836263.0,1,69,2022-07-26 14:37:40.825338
Luiz Henrique André,Rosa da Silva,4072,12296429.0,2,69,2022-07-26 14:37:40.825338
Germán,Pezzella,4074,15003858.0,1,69,2022-07-26 14:37:40.825338
Roberto,González,4075,2012500.0,1,69,2022-07-26 14:37:40.825338
Willian José,Da Silva,4077,10057692.0,1,69,2022-07-26 14:37:40.825338
Aitor,Ruibal,4079,582621.0,1,69,2022-07-26 14:37:40.825338
Joaquín,Sánchez Rodríguez,4080,2233168.0,2,69,2022-07-26 14:37:40.825338
Rodrigo,Sánchez,4081,1086310.0,1,69,2022-07-26 14:37:40.825338
Víctor,Camarasa,4082,500000.0,0,69,2022-07-26 14:37:40.825338
Juan Miguel,Jiménez López,4083,21180357.0,1,69,2022-07-26 14:37:40.825338
Borja,Iglesias,4084,8380357.0,1,69,2022-07-26 14:37:40.825338
Paul,Akouokou,4085,3147105.0,2,69,2022-07-26 14:37:40.825338
Martín,Montoya,4086,2218800.0,1,69,2022-07-26 14:37:40.825338
Youssouf,Sabaly,4088,13200000.0,1,69,2022-07-26 14:37:40.825338
Luiz Felipe,Ramos Marchi,4089,16551553.0,1,69,2022-07-26 14:37:40.825338
Rui Tiago,Dantas da Silva,4090,13156250.0,1,69,2022-07-26 14:37:40.825338
Giorgi,Mamardashvili,4092,15764286.0,1,70,2022-07-26 14:37:40.825338
Koba,Koindredi,4095,500000.0,0,70,2022-07-26 14:37:40.825338
José,Gayà,4098,14247402.0,1,70,2022-07-26 14:37:40.825338
Uros,Racic,4099,558464.0,1,70,2022-07-26 14:37:40.825338
Eray,Cömert,4100,500000.0,0,70,2022-07-26 14:37:40.825338
Cristhian,Mosquera,4101,500000.0,0,70,2022-07-26 14:37:40.825338
Gonçalo Manuel,Ganchinho Guedes,4102,18439423.0,1,70,2022-07-26 14:37:40.825338
Hugo,Duro,4103,2016666.0,1,70,2022-07-26 14:37:40.825338
Jaume,Doménech,4104,1254459.0,1,70,2022-07-26 14:37:40.825338
Thierry,Rendall Correia,4105,5441898.0,1,70,2022-07-26 14:37:40.825338
Gabriel Armando,de Abreu,4106,20189286.0,1,70,2022-07-26 14:37:40.825338
Samuel,Castillejo Azuaga,4107,1246196.0,1,70,2022-07-26 14:37:40.825338
Jasper,Cillessen,4108,11142534.0,2,70,2022-07-26 14:37:40.825338
Maximiliano,Gómez,4110,4494494.0,1,70,2022-07-26 14:37:40.825338
Yunus,Musah,4112,1019444.0,1,70,2022-07-26 14:37:40.825338
Jesús,Vázquez,4116,500000.0,0,70,2022-07-26 14:37:40.825338
Carlos,Soler,4120,26677778.0,1,70,2022-07-26 14:37:40.825338
Hugo,Guillamón,4122,3992708.0,1,70,2022-07-26 14:37:40.825338
Marcos André,de Sousa Mendonça,4123,1582609.0,1,70,2022-07-26 14:37:40.825338
Mouctar,Diakhaby,4124,3958333.0,1,70,2022-07-26 14:37:40.825338
Antonio,Latorre,4125,1612334.0,1,70,2022-07-26 14:37:40.825338
Manuel Javier,Vallejo Galván,4126,500000.0,0,70,2022-07-26 14:37:40.825338
Dimitri,Foulquier,4127,2565972.0,1,70,2022-07-26 14:37:40.825338
Jose Luis,Mato Sanmartín,483,25744445.0,1,71,2022-07-26 14:37:40.825338
Landry,Dimata,2087,752083.0,1,71,2022-07-26 14:37:40.825338
Fernando,Calero,4128,2117033.0,1,71,2022-07-26 14:37:40.825338
Brian,Oliván,4129,3155357.0,1,71,2022-07-26 14:37:40.825338
Joan,García,4135,500000.0,0,71,2022-07-26 14:37:40.825338
Adrián,Embarba,4136,6113636.0,1,71,2022-07-26 14:37:40.825338
Leandro,Cabrera,4139,14715909.0,1,71,2022-07-26 14:37:40.825338
Aleix,Vidal,4140,1428125.0,1,71,2022-07-26 14:37:40.825338
Benjamin,Lecomte,4141,10958729.0,2,71,2022-07-26 14:37:40.825338
Pol,Lozano,4142,746861.0,1,71,2022-07-26 14:37:40.825338
Tonny,Vilhena,4143,3739261.0,1,71,2022-07-26 14:37:40.825338
Sergi,Darder,4144,20600000.0,1,71,2022-07-26 14:37:40.825338
Óscar,Gil,4145,7469643.0,1,71,2022-07-26 14:37:40.825338
Adrià,Pedrosa,4146,9650000.0,1,71,2022-07-26 14:37:40.825338
Keidi,Bare,4147,2605555.0,1,71,2022-07-26 14:37:40.825338
Vinicius,de Souza Costa,4148,8015138.0,1,71,2022-07-26 14:37:40.825338
Aleix,Gorjón,4152,762540.0,1,71,2022-07-26 14:37:40.825338
Nicolás,Melamed,4153,4651190.0,1,71,2022-07-26 14:37:40.825338
Matías,Vargas,4154,2731713.0,1,71,2022-07-26 14:37:40.825338
Lei,Wu,4156,2461310.0,1,71,2022-07-26 14:37:40.825338
Raúl,de Tomás,4157,26689286.0,1,71,2022-07-26 14:37:40.825338
Javier,Puado,4158,5221591.0,1,71,2022-07-26 14:37:40.825338
Sergi,Gómez,4160,9856250.0,1,71,2022-07-26 14:37:40.825338
Sergio,Escudero,495,5550000.0,1,72,2022-07-26 14:37:40.825338
Sergio,Guardiola Navarro,4162,7311931.0,2,72,2022-07-26 14:37:40.825338
Álvaro,Aguado,4164,1809648.0,1,72,2022-07-26 14:37:40.825338
Sergio,León,4166,3540122.0,1,72,2022-07-26 14:37:40.825338
Laureano Antonio,Villa Suárez,4167,5517655.0,1,72,2022-07-26 14:37:40.825338
Óscar,Plano,4168,3251986.0,2,72,2022-07-26 14:37:40.825338
Gonzalo,Plata,4169,9062080.0,1,72,2022-07-26 14:37:40.825338
Roberto,Jiménez,4170,500000.0,0,72,2022-07-26 14:37:40.825338
Joaquín,Fernández,4171,5145424.0,1,72,2022-07-26 14:37:40.825338
Iván,Sánchez,4174,500000.0,0,72,2022-07-26 14:37:40.825338
Sergio,Asenjo,4175,10595202.0,1,72,2022-07-26 14:37:40.825338
Enrique,Pérez Muñoz,4176,1572831.0,2,72,2022-07-26 14:37:40.825338
Anuar,Mohamed,4177,2466422.0,1,72,2022-07-26 14:37:40.825338
Jordi,Masip,4178,4796951.0,1,72,2022-07-26 14:37:40.825338
Lucas,Olaza,4179,4311765.0,1,72,2022-07-26 14:37:40.825338
Jawad,El Yamiq,4180,3453364.0,1,72,2022-07-26 14:37:40.825338
Javier,Sánchez de Felipe,4181,4136757.0,2,72,2022-07-26 14:37:40.825338
Víctor,García Raja,4182,500000.0,0,72,2022-07-26 14:37:40.825338
Federico,San Emeterio Díaz,4183,1478401.0,2,72,2022-07-26 14:37:40.825338
Roque,Mesa,4185,5341759.0,2,72,2022-07-26 14:37:40.825338
Shon,Weissman,4187,13021017.0,2,72,2022-07-26 14:37:40.825338
Luis,Pérez,4188,2870833.0,1,72,2022-07-26 14:37:40.825338
Hugo,Vallejo,4299,500000.0,0,72,2022-07-26 14:37:40.825338
Borja,García,4194,4534848.0,1,73,2022-07-26 14:37:40.825338
Ramón,Terrats,4195,1909672.0,1,73,2022-07-26 14:37:40.825338
Joel,Casals,4196,1225600.0,1,73,2022-07-26 14:37:40.825338
Biel,Farrés del Castillo,4197,869984.0,1,73,2022-07-26 14:37:40.825338
Arnau,Martinez,4198,9517135.0,2,73,2022-07-26 14:37:40.825338
Aleix,García,4199,6658823.0,1,73,2022-07-26 14:37:40.825338
Samuel,Sáiz Alonso,4200,2169803.0,2,73,2022-07-26 14:37:40.825338
Santiago,Bueno,4201,5458504.0,2,73,2022-07-26 14:37:40.825338
Juan Carlos,Martín,4202,11186221.0,2,73,2022-07-26 14:37:40.825338
Dawda,Camara,4203,500000.0,0,73,2022-07-26 14:37:40.825338
Cristhian,Stuani,4205,13433026.0,1,73,2022-07-26 14:37:40.825338
Bernardo,Espinosa,4206,5953884.0,2,73,2022-07-26 14:37:40.825338
Valery,Fernández,4207,500000.0,2,73,2022-07-26 14:37:40.825338
Juan Pedro,Ramírez López,4208,6432962.0,1,73,2022-07-26 14:37:40.825338
Iván,Martín,4211,1049563.0,1,73,2022-07-26 14:37:40.825338
Ibrahima,Kebe,4213,1376538.0,2,73,2022-07-26 14:37:40.825338
Adrià,Ortolá,4217,500000.0,0,73,2022-07-26 14:37:40.825338
Alex,Sala,4220,763073.0,1,73,2022-07-26 14:37:40.825338
César,De la Hoz,4221,5519422.0,2,74,2022-07-26 14:37:40.825338
Samuel Almeida,Costa,4222,8990999.0,1,74,2022-07-26 14:37:40.825338
Srdjan,Babic,4223,5751851.0,2,74,2022-07-26 14:37:40.825338
Íñigo,Eguaras,4224,500000.0,0,74,2022-07-26 14:37:40.825338
Arnau,Puigmal,4225,1484058.0,1,74,2022-07-26 14:37:40.825338
Arvin,Appiah,4226,500000.0,0,74,2022-07-26 14:37:40.825338
Francisco José,Sánchez Rodríguez,4227,948950.0,1,74,2022-07-26 14:37:40.825338
Nikola,Maras,4228,2760582.0,1,74,2022-07-26 14:37:40.825338
Lucas,Robertone,4229,5549231.0,1,74,2022-07-26 14:37:40.825338
Alejandro,Pozo,4231,3598409.0,2,74,2022-07-26 14:37:40.825338
Arnau,Solà,4232,500000.0,0,74,2022-07-26 14:37:40.825338
Guilherme,Borges Guedes,4233,519961.0,0,74,2022-07-26 14:37:40.825338
Dyego Wilverson,Ferreira Sousa,4234,1532925.0,1,74,2022-07-26 14:37:40.825338
Francisco,Portillo,4235,9131949.0,1,74,2022-07-26 14:37:40.825338
Martin,Svidersky,4236,500000.0,0,74,2022-07-26 14:37:40.825338
Rodrigo,Ely,4237,2223645.0,2,74,2022-07-26 14:37:40.825338
Houboulang,Mendes,4238,2777964.0,2,74,2022-07-26 14:37:40.825338
Dragan,Rosic,4239,867205.0,1,74,2022-07-26 14:37:40.825338
Juan,Brandáriz Movilla,4240,4178040.0,2,74,2022-07-26 14:37:40.825338
Iván,Martos,4241,523022.0,2,74,2022-07-26 14:37:40.825338
Sergio,Akieme,4242,4968428.0,1,74,2022-07-26 14:37:40.825338
Juan José,Nieto Zarzoso,4243,500000.0,0,74,2022-07-26 14:37:40.825338
José Carlos,Lazo,4245,3424765.0,2,74,2022-07-26 14:37:40.825338
Largie,Ramazani,4246,5495789.0,1,74,2022-07-26 14:37:40.825338
Fernando,Martínez,4247,9000622.0,2,74,2022-07-26 14:37:40.825338
Umar,Sadiq,4249,19158660.0,1,74,2022-07-26 14:37:40.825338
Alejandro,Centelles Plaza,4250,2480020.0,1,74,2022-07-26 14:37:40.825338
Kaiky,Fernandes Melo,4294,6607858.0,2,74,2022-07-26 14:37:40.825338
Marko,Milovanovic,4302,1000000.0,0,74,2022-07-26 14:37:40.825338
